District,School,prop,funds
01,0031,0.12372634643377002,8754
01,0041,0.14471243042671614,9409
01,0052,0.6385542168674698,36236
01,0071,0.16666666666666666,10467
01,0091,0.17422096317280453,8984
01,0101,0.23333333333333334,13732
01,0111,0.07381370826010544,7567
01,0112,0.08964451313755796,7416
01,0121,0.11560693641618497,7881
01,0141,0.15279048490393413,7380
01,0151,0.10911016949152542,6208
01,0161,0.18562874251497005,9891
01,0171,0.09908256880733946,8262
01,0201,0.2033898305084746,8018
01,0221,0.1184573002754821,8283
01,0261,0.12863705972434916,7498
01,0271,0.10313075506445672,6458
01,0281,0.1780821917808219,10073
01,0311,0.14336917562724014,9181
01,0321,0.14264919941775836,9398
01,0331,0.10121457489878542,8903
01,0341,0.22530864197530864,13091
01,0411,0.15151515151515152,10147
01,0421,0.13151927437641722,8243
01,0431,0.09361329833770779,6380
01,0461,0.1297071129707113,7902
01,0481,0.13411078717201166,6658
01,0482,0.12355212355212356,8517
01,0501,0.07643312101910828,7764
01,0502,0.12026515151515152,6850
01,0510,0.10440251572327044,8288
01,0520,0.09615384615384616,7803
01,0531,0.17061611374407584,8174
01,0541,0.1572052401746725,8612
01,0561,0.12303664921465969,7802
01,0571,0.17592592592592593,10588
01,0591,0.11234705228031146,7095
01,0604,0.21568627450980393,5731
01,7004,0.0,8828
01,7023,0.0
02,0012,0.1003610108303249
02,0013,0.14189189189189189,8605
02,0022,0.16545454545454547,7786
02,0031,0.16384915474642392,6243
02,0032,0.11046025104602511,6936
02,0091,0.1704745166959578,8992
03,0061,0.14881439084219134,7254
03,0071,0.23753280839895013,7370
03,0081,0.172859450726979,7505
03,0091,0.3181818181818182,11312
03,0101,0.1651705565529623,7670
03,0111,0.17272727272727273,9636
03,0131,0.31625835189309576,11587
03,0141,0.22931785195936139,7929
03,0151,0.16847826086956522,8011
03,0161,0.24731182795698925,8827
03,0171,0.20516499282639886,8196
03,0191,0.19207317073170732,11212
03,0201,0.15364238410596026,7213
03,0211,0.21755027422303475,8687
03,0221,0.1848341232227488,8697
03,0251,0.22839506172839505,8434
03,0262,0.17777777777777778,8957
03,0331,0.14858705560619873,5983
03,0341,0.1553784860557769,7200
03,0461,0.24592391304347827,8340
03,0471,0.16139767054908485,7802
03,0491,0.097669256381798,5790
03,0501,0.16417910447761194,6791
03,0511,0.1710914454277286,8118
03,0521,0.19002695417789758,7306
03,0541,0.22924901185770752,8000
03,0551,0.13679808841099164,6242
03,0571,0.19072615923009623,7753
03,0581,0.16666666666666666,22108
03,0591,0.21978021978021978,16623
03,7004,0.0,4742
03,7006,0.0,3543
04,0021,0.18424396442185514,8044
04,0051,0.25426944971537,9113
04,0081,0.2574430823117338,8365
04,0131,0.3108108108108108,10427
04,0161,0.2619047619047619,10308
04,0172,0.22488755622188905,6673
04,0181,0.2753623188405797,8545
05,0011,0.13034033309196236,7932
05,0051,0.3084370677731674,9148
05,0052,0.19393939393939394,9148
05,0061,0.1936245572609209,7650
05,0091,0.17829457364341086,8806
05,0101,0.18997912317327767,10593
05,0122,0.1864951768488746
05,0141,0.1766848816029144,7725
05,0151,0.20187793427230047,8196
05,0161,0.14990689013035383,8451
05,0181,0.15028901734104047,8422
05,0191,0.18563922942206654,8314
05,0201,0.2370266479663394,8180
05,0301,0.19198664440734559,8549
05,0302,0.1614123581336696,7115
05,1011,0.14511873350923482,7080
05,1041,0.18305597579425115,8567
05,1051,0.18429003021148035,9757
05,1071,0.21441441441441442,9429
05,1081,0.18162839248434237,10071
05,1091,0.2514705882352941,8797
05,1101,0.176759410801964,7404
05,1121,0.20114213197969544,8410
05,1131,0.2136150234741784,8599
05,1141,0.19722222222222222,7194
05,1151,0.2688356164383562,9239
05,1161,0.13909378292939936,6576
05,1171,0.09411219286045433,6830
05,2011,0.10317084713677237,7277
05,2021,0.18146467919637072,8464
05,2031,0.20046082949308755,7067
05,2041,0.20607028753993611,8265
05,2042,0.08860759493670886,7236
05,2051,0.19027484143763213,12091
05,2061,0.17732558139534885,8443
05,2071,0.17699115044247787,7658
05,2081,0.2234910277324633,10737
05,2111,0.20600858369098712,8436
05,2121,0.2508896797153025,9457
05,2122,0.20888355342136855,7589
05,2131,0.20502092050209206,8760
05,2151,0.25,9767
05,2161,0.21649484536082475,8204
05,2171,0.19797687861271676,8521
05,2191,0.21428571428571427,8708
05,2211,0.15005861664712777,7078
05,2212,0.18725617685305593,7639
05,2221,0.24146341463414633,8274
05,2311,0.14426229508196722,7064
05,3011,0.17720763723150357,8292
05,3021,0.18273260687342832,6680
05,3031,0.1671195652173913,7435
05,3041,0.18818380743982493,9505
05,3061,0.23180592991913745,10615
05,3071,0.23880597014925373,8911
05,3091,0.20652173913043478,8363
05,3101,0.180028129395218,8098
05,3121,0.1824925816023739,7801
05,3131,0.19195046439628483,8600
05,3141,0.02098635886673662,7877
05,3151,0.15625,6664
05,4011,0.1332033788174139,7371
05,4021,0.023206751054852322,7784
05,4031,0.22795698924731184,10721
05,4041,0.21333333333333335,7263
05,4051,0.2462686567164179,8768
05,4071,0.11857707509881422,6600
05,4111,0.17424242424242425,7519
05,4121,0.2289156626506024,7804
05,5011,0.09378084896347483,8610
05,5012,0.17894736842105263,8937
05,5021,0.09043927648578812,7433
05,5031,0.19210526315789472,10065
05,6011,0.10625470987189148,8044
05,6012,0.11477411477411477,6745
05,6013,0.19517102615694165,8374
05,6051,0.18691588785046728,9606
05,6061,0.13695652173913042,7630
05,6071,0.18984962406015038,8687
05,6081,0.16891891891891891,7398
05,6082,0.1541501976284585,8269
05,6101,0.19017094017094016,8604
05,6141,0.2106508875739645,9876
05,7004,0.0783132530120482,7867
06,0011,0.20918367346938777,9846
06,0021,0.1345083487940631,8767
06,0031,0.17412935323383086,10051
06,0041,0.13550135501355012,11161
06,0101,0.3093220338983051,12177
06,0111,0.16201859229747675,8007
06,0121,0.2054794520547945,11132
06,0131,0.13702074167190445,8541
06,0151,0.11921708185053381,10074
06,0161,0.21389396709323583,10539
06,0171,0.10319516407599309,7383
06,0185,0.014950166112956811,8341
06,0191,0.1993517017828201,9914
06,0201,0.300531914893617,12703
06,0211,0.11119030648610122,8499
06,0221,0.18628719275549807,9663
06,0231,0.15072463768115943,10636
06,0241,0.14693088448525857,7140
06,0251,0.13273676360924683,7186
06,0271,0.1353558926487748,9161
06,0321,0.16769420468557336,10457
06,0331,0.17567567567567569
06,0341,0.1258426966292135,11890
06,0343,0.15632754342431762,9121
06,0361,0.09823182711198428,8131
06,0371,0.11514614703277236,8689
06,0391,0.10935023771790808,9075
06,0403,0.12246553122465531,8439
06,0405,0.16091954022988506
06,0452,0.16034985422740525,8607
06,0461,0.2589118198874296,11556
06,0471,0.17593984962406015,10350
06,0481,0.15074024226110364,9734
06,0491,0.14228456913827656,9558
06,0501,0.09207161125319693,9864
06,0511,0.17962962962962964,10344
06,0521,0.13048498845265588,8090
06,0531,0.15806451612903225,7869
06,0551,0.1326676176890157,9138
06,0561,0.23741935483870968,9268
06,0571,0.13513513513513514,10010
06,0581,0.16515276630883569,7738
06,0601,0.13839285714285715,14309
06,0611,0.14087759815242495,9653
06,0621,0.16745283018867924,11093
06,0631,0.17582417582417584,9454
06,0641,0.10880829015544041,8189
06,0691,0.17298187808896212,10338
06,0701,0.11223118279569892,7685
06,0711,0.10586552217453506,8987
06,0721,0.2586750788643533,10123
06,0731,0.21414342629482072,8565
06,0751,0.2003968253968254,11630
06,0761,0.2387005649717514,10291
06,0811,0.15099009900990099,8396
06,0831,0.20081967213114754,9895
06,0841,0.12680577849117175,8863
06,0851,0.18375499334221038,9321
06,0861,0.18497109826589594,7716
06,0881,0.142049025769956,7522
06,0891,0.1360153256704981,11824
06,0901,0.195578231292517,9354
06,0911,0.17261904761904762,9065
06,0921,0.2237037037037037,8906
06,0931,0.21655172413793103,9691
06,0941,0.15479876160990713,10111
06,0951,0.09423347398030943,8147
06,0971,0.20833333333333334,9775
06,1051,0.10582010582010581,6822
06,1071,0.12926577042399173,8602
06,1091,0.2074074074074074,10331
06,1131,0.11183144246353323,9369
06,1151,0.12095339736748488,6832
06,1161,0.19257086999022482,8179
06,1171,0.13344594594594594,8476
06,1191,0.10022779043280182,10004
06,1211,0.1395973154362416,8017
06,1221,0.16271186440677965,9782
06,1241,0.13456937799043062,8081
06,1251,0.20702402957486138,9474
06,1271,0.08062418725617686,7710
06,1281,0.08280828082808281,7529
06,1282,0.1484375,8452
06,1291,0.09256198347107437,6376
06,1311,0.11996904024767802,7641
06,1321,0.18641618497109827,9166
06,1381,0.2168141592920354,10413
06,1391,0.14351851851851852,8659
06,1421,0.1752738654147105,10045
06,1451,0.1111111111111111,6741
06,1461,0.14724919093851133,9188
06,1611,0.16500994035785288,11686
06,1621,0.0953058321479374,9898
06,1631,0.19918144611186903,9403
06,1641,0.2013986013986014,9961
06,1661,0.13232217573221758,7306
06,1671,0.09181969949916527,10745
06,1681,0.14698162729658792,8013
06,1701,0.15011547344110854,8172
06,1711,0.12218122181221812,7225
06,1741,0.12908878504672897,7449
06,1751,0.11055900621118013,6899
06,1761,0.3102766798418972,10315
06,1781,0.18635170603674542,8823
06,1791,0.1522516082916369,8014
06,1811,0.216796875,9703
06,1831,0.15384615384615385,9476
06,1841,0.336283185840708,10834
06,1851,0.1367419738406659,8461
06,1871,0.11040339702760085,7623
06,1881,0.15602836879432624,8411
06,1891,0.18627450980392157,8206
06,1901,0.1157196184155952,7234
06,1931,0.12088850918410936,7154
06,1951,0.16552901023890784,10258
06,1971,0.18181818181818182,9512
06,2001,0.19281045751633988,8585
06,2011,0.15568862275449102,8880
06,2021,0.14152298850574713,7450
06,2041,0.12325285895806862,8771
06,2052,0.1435546875,8211
06,2071,0.26846846846846845,11230
06,2121,0.17454954954954954,9239
06,2221,0.13798219584569732,6337
06,2231,0.12993630573248408
06,2351,0.13262599469496023,7357
06,2511,0.24617524339360222,10260
06,2531,0.25675675675675674,10541
06,2541,0.17313432835820897,8204
06,2551,0.2453102453102453,8786
06,2561,0.15324675324675324,7511
06,2571,0.142570281124498,7113
06,2611,0.16186252771618626,8459
06,2621,0.21389645776566757,7761
06,2631,0.1994459833795014,8631
06,2641,0.10538373424971363,7702
06,2661,0.18497913769123783,8347
06,2671,0.2059748427672956,8651
06,2681,0.0752405949256343,6849
06,2691,0.20754716981132076,9993
06,2711,0.162227602905569,7607
06,2721,0.20410490307867732,8483
06,2741,0.24833110814419226,8865
06,2751,0.1145799806887673,6615
06,2801,0.16644295302013423,8029
06,2811,0.20812182741116753,10950
06,2831,0.11908983451536644,6985
06,2851,0.3349358974358974,10223
06,2861,0.23933209647495363,9741
06,2871,0.14691943127962084,9271
06,2881,0.14962593516209477,7897
06,2891,0.11973807296538821,7924
06,2942,0.14980544747081712,8000
06,2961,0.17097170971709716,8160
06,2971,0.18142857142857144,9444
06,2981,0.19371196754563894,8801
06,3001,0.1518418688230009,8050
06,3011,0.09445958219800181,7085
06,3031,0.1480978260869565,8585
06,3041,0.21052631578947367,9660
06,3051,0.16248153618906944,7693
06,3061,0.20516962843295639,10363
06,3081,0.18357487922705315,8210
06,3091,0.10652353426919901,7757
06,3101,0.13217213114754098,6874
06,3111,0.15807962529274006,7794
06,3121,0.11322314049586776,7902
06,3131,0.21187427240977882,8773
06,3151,0.13188854489164087,6669
06,3171,0.22587064676616916,8659
06,3181,0.13547486033519554,8782
06,3191,0.13123993558776167,7154
06,3221,0.14068441064638784,10142
06,3291,0.15473441108545036,11625
06,3301,0.21614583333333334,11317
06,3311,0.19701986754966888,9582
06,3321,0.12719298245614036,8387
06,3331,0.17927743694614862,7579
06,3371,0.2324455205811138,12280
06,3391,0.09845176657403731,6770
06,3401,0.16263310745401743,8309
06,3431,0.15557404326123128,7491
06,3441,0.19019836639439908,8100
06,3461,0.11024182076813656,7273
06,3471,0.16221662468513853,7039
06,3481,0.16253002401921537,9119
06,3491,0.17398119122257052,8745
06,3531,0.20860927152317882,8196
06,3541,0.13098649201801063,7101
06,3571,0.21920289855072464,10408
06,3581,0.2840909090909091,10342
06,3591,0.16334661354581673,7717
06,3622,0.07742496737712048,6915
06,3623,0.06712528663748175,7610
06,3631,0.2154377880184332,9257
06,3642,0.13560606060606062,7339
06,3651,0.12855007473841554
06,3661,0.20666666666666667,8090
06,3701,0.13846153846153847,11549
06,3731,0.1176218990590248,6712
06,3741,0.1632928475033738,8784
06,3751,0.18985507246376812,8834
06,3761,0.13366834170854272,8642
06,3771,0.1562198649951784,7529
06,3781,0.1500815660685155,8522
06,3821,0.17795753286147623,8932
06,3841,0.10844370860927152,8000
06,3851,0.022675736961451247,6605
06,3861,0.13039934800325997,6891
06,3871,0.09977703455964325,7228
06,3911,0.1567476948868399,7830
06,3961,0.06766256590509666,7042
06,3962,0.12551440329218108,7315
06,3971,0.11372110365398956,6991
06,4772,0.12202562538133008,7296
06,6091,0.0,6092
06,6501,0.16795366795366795,5920
06,7004,0.05263157894736842,44550
07,0021,0.16953316953316952,8527
07,0051,0.21337579617834396,9619
07,0091,0.22608695652173913,9096
07,0101,0.18110236220472442,8127
07,0131,0.24784853700516352,7592
08,0021,0.14029850746268657,8182
08,0031,0.1534473820632452,7031
08,0041,0.27154471544715447,9239
08,0051,0.14193548387096774,7561
08,0081,0.16216216216216217,7379
08,0111,0.23247232472324722,8616
08,0121,0.19846022241231823,6797
08,0131,0.25181598062953997,7196
08,0141,0.26474622770919065,9139
08,0151,0.18928571428571428,7248
08,0171,0.22151898734177214,10724
08,0181,0.1890547263681592,7866
08,0191,0.24705882352941178,9543
08,0201,0.26287744227353466,8477
08,0211,0.21376281112737922,7439
08,0231,0.18435754189944134,8734
08,0251,0.1476121562952243,7666
08,0301,0.2903225806451613,9908
08,7004,0.0,5284
09,0021,0.1099554234769688,8344
09,0025,0.14121037463976946,7974
09,0031,0.12178148921363953,7512
09,0032,0.1411042944785276,7516
09,0035,0.12484076433121019,6543
09,0042,0.13157894736842105,7176
09,0061,0.13110539845758354,8740
09,0071,0.18362282878411912,9181
09,0083,0.14035087719298245,7081
09,0102,0.15384615384615385,8224
09,0121,0.1092436974789916,7728
09,0161,0.10794044665012408,7185
09,0162,0.11772315653298836,7679
09,0163,0.10838946723821188,7155
09,0171,0.13624338624338625,7686
09,0181,0.1563380281690141,7634
09,0191,0.1083969465648855,8414
09,0211,0.13308457711442787,7461
09,0321,0.10909090909090909,8931
10,0021,0.185473411154345,6706
10,0071,0.2492753623188406,8084
10,0111,0.4153846153846154,21529
10,0112,0.0
10,0113,0.2564102564102564,6796
10,0201,0.1402061855670103,7153
10,0232,0.1963927855711423,7928
10,0241,0.32297297297297295,9564
10,0252,0.15650030807147258,6953
10,0261,0.2340764331210191,7158
10,0271,0.22279792746113988,7812
10,0301,0.288135593220339,8440
10,0311,0.21862011637572734,7766
10,0331,0.23062381852551986,7803
10,0341,0.19714479945615226,7176
10,0351,0.20023980815347722,7625
10,0352,0.17517241379310344,6745
10,0361,0.17254901960784313,6673
10,0371,0.24076607387140903,7201
10,0381,0.22700587084148727,8165
10,0391,0.20149253731343283,7161
10,0401,0.3327433628318584,9343
10,0411,0.2922705314009662,8985
10,0431,0.20369149637442321,8357
10,0451,0.24909310761789602,7444
10,0471,0.20354808590102708,6700
10,0481,0.24165915238954014,7514
10,0491,0.3266832917705736,8157
10,0501,0.21784232365145229,6980
10,0511,0.3392539964476021,8852
10,0521,0.28343023255813954,8344
10,0531,0.19850586979722518,7444
10,0541,0.2840909090909091,8496
10,0551,0.0878003696857671,6234
10,0571,0.281947261663286,8946
10,0591,0.24525547445255474,7155
10,0601,0.25321100917431194,7988
10,0611,0.12668463611859837,5688
10,0621,0.24259789875835722,6623
10,0631,0.2723463687150838,7429
10,0641,0.1435523114355231
10,0651,0.22613065326633167,6022
10,0661,0.1042319749216301,5630
10,7004,0.12025316455696203,6774
10,7023,0.0
11,0051,0.14772727272727273,17473
11,0061,0.14573643410852713,10484
11,0121,0.15045871559633028,12427
11,0131,0.13394495412844037,9891
11,0141,0.13953488372093023,11570
11,0151,0.14913745130773512,8362
11,0161,0.10109289617486339,12548
11,0171,0.15625,10410
11,0181,0.16666666666666666,12174
11,0191,0.17904509283819628,12969
11,0201,0.11482254697286012,11507
11,0211,0.14257228315054835,8443
11,0221,0.20865533230293662,12474
11,0231,0.09652076318742986,10117
11,0241,0.25598086124401914,13689
11,0251,0.10576923076923077,8839
11,0261,0.12385844748858447,8312
11,0271,0.1252847380410023,8436
11,0282,0.08040201005025126,8183
11,0311,0.10480602200347423,8574
11,0321,0.14142335766423358,9009
11,0331,0.13636363636363635,10063
11,0341,0.18325434439178515,14429
11,0351,0.1273532668881506,10331
11,0361,0.17501546072974644,8701
11,0371,0.14772727272727273,10476
11,0381,0.220949263502455,12481
11,0391,0.09533678756476684,8596
11,0392,0.0863674851820491,7431
11,0401,0.10824313072439634,7905
11,0421,0.17834394904458598,11210
11,0422,0.16319824753559695,9315
11,0431,0.13746630727762804,10429
11,0441,0.17928902627511592,10710
11,0442,0.17639902676399027,8894
11,0451,0.106353591160221,9423
11,0452,0.14855875831485588,9562
11,0461,0.11694152923538231,10173
11,0471,0.1644295302013423,12181
11,0472,0.17062937062937064,10587
11,0493,0.13597158802638254,7857
11,0501,0.10273224043715846,8359
11,0511,0.13651877133105803,11097
11,0521,0.14004914004914004,9337
11,0531,0.14086687306501547,11011
11,0541,0.24222222222222223,12676
11,0551,0.10121457489878542,11277
11,0631,0.16865671641791044,11680
11,9004,0.0
11,9007,0.0,15000
11,9008,0.0,22284
11,9010,0.2682926829268293,19023
11,9015,0.24107142857142858,14637
11,9017,0.1694915254237288,7311
11,9026,0.14864864864864866
11,9027,0.24858757062146894,9492
12,0011,0.14256515074092999,6170
12,0031,0.15180265654648956,9809
12,0071,0.19631901840490798,9001
12,0081,0.16134185303514376,7122
12,0091,0.17849462365591398,8675
12,0121,0.19692307692307692,8140
12,0123,0.14776632302405499,8021
12,0141,0.12316176470588236,7782
12,0161,0.2550335570469799,11580
12,0241,0.15539858728557013,6438
12,0261,0.1986863711001642,7884
12,0271,0.1408083441981747,7359
12,0291,0.16842105263157894,7917
13,0041,0.08863025962399283,8561
13,0071,0.06291997556505803,7004
13,0073,0.11978021978021978,8955
13,0081,0.11258278145695365,9777
13,0091,0.10659272951324707,8246
13,0092,0.053886504530281355,6759
13,0101,0.2518518518518518,13046
13,0111,0.13202247191011235,8646
13,0121,0.2487864077669903,10480
13,0122,0.087248322147651,6457
13,0125,0.10842293906810035,7833
13,0161,0.3805147058823529,13116
13,0201,0.1144578313253012,11715
13,0211,0.11,8719
13,0231,0.07497656982193064,7073
13,0241,0.06944444444444445,8114
13,0251,0.10318471337579618,9019
13,0261,0.07194244604316546,11761
13,0271,0.3341232227488152,12904
13,0311,0.19596541786743515,10241
13,0321,0.1251700680272109,8927
13,0341,0.054249547920433995,8306
13,0361,0.23827392120075047,11158
13,0401,0.04182509505703422,9082
13,0451,0.1285563751317176,8968
13,0461,0.059782608695652176,9748
13,0481,0.2747826086956522,11877
13,0521,0.10251046025104603,9144
13,0561,0.07262569832402235,8290
13,0641,0.3385416666666667,13394
13,0651,0.1724137931034483,9085
13,0661,0.09587217043941411,8954
13,0671,0.06971153846153846,8298
13,0681,0.05970149253731343,11036
13,0721,0.0593607305936073,9624
13,0761,0.15880322209436135,10398
13,0771,0.17415730337078653,11926
13,0801,0.2718340611353712,11361
13,0831,0.16725978647686832,10318
13,0841,0.0935412026726058,10545
13,0861,0.16610169491525423,12649
13,0881,0.14365671641791045,10200
13,0961,0.056179775280898875,8297
13,1001,0.1581439393939394,9258
13,1041,0.10896708286038592,8926
13,1081,0.09750566893424037,9896
13,1121,0.0950479233226837,8522
13,1161,0.17491749174917492,11960
13,1241,0.12224448897795591,9954
13,1281,0.1830238726790451,11056
13,1331,0.11050477489768076,8030
13,1371,0.08168028004667445,9764
13,1401,0.10581222056631892,8733
13,1441,0.1327683615819209,11800
13,1481,0.17137096774193547,10685
13,1521,0.2662192393736018,11952
13,1561,0.14573991031390135,10805
13,1601,0.21138211382113822,10507
13,1641,0.09243697478991597,10011
13,1691,0.11394101876675604,8477
13,1721,0.21681864235055726,10106
13,1761,0.10810810810810811,9104
13,1801,0.09983361064891846,8792
13,1811,0.16631578947368422,11094
13,1841,0.11671087533156499,10559
13,1881,0.09626436781609195,8487
13,1921,0.0782312925170068,8202
13,2001,0.11734028683181226
13,2021,0.25206611570247933,11187
13,2041,0.07001795332136446,8987
13,2081,0.04238921001926782,7685
13,2111,0.2,11231
13,2151,0.11031664964249234,9584
13,2161,0.11848341232227488,16359
13,2181,0.06748466257668712,8224
13,2191,0.07973856209150326,7975
13,2241,0.18687872763419483,11986
13,2261,0.12422360248447205,9356
13,2281,0.0993103448275862,9459
13,2321,0.4721030042918455,14870
13,2331,0.09496567505720824,8926
13,2341,0.22,12381
13,2351,0.1201923076923077,9807
13,2361,0.10110584518167456,8815
13,2371,0.1354420113544201,9422
13,2401,0.06679389312977099,9117
13,2441,0.13504273504273503,9729
13,2501,0.08695652173913043,8743
13,2511,0.21785714285714286,10967
13,2521,0.19148936170212766,9897
13,2541,0.1575875486381323,9470
13,2581,0.056768558951965066,8360
13,2641,0.16468253968253968,10160
13,2651,0.190224570673712,10012
13,2661,0.25761772853185594,10950
13,2701,0.13412408759124086,9064
13,2741,0.04915390813859791,8004
13,2781,0.12006578947368421,9450
13,2801,0.14545454545454545,11730
13,2821,0.1141439205955335,10882
13,2881,0.10103626943005181,8635
13,2891,0.12087912087912088,9392
13,2901,0.11152764761012184,9421
13,2911,0.08745684695051784,8507
13,2941,0.14715719063545152,11170
13,2981,0.12303664921465969,16675
13,3001,0.10714285714285714,8310
13,3021,0.07952286282306163,8644
13,3031,0.0
13,3041,0.11285266457680251,12377
13,3051,0.08923884514435695,10803
13,3061,0.13580246913580246,10561
13,3101,0.0299625468164794,7876
13,3111,0.08836206896551724,10313
13,3141,0.08265582655826559,8714
13,3181,0.100169779286927,11016
13,3191,0.02621231979030144,8746
13,3241,0.11320754716981132,11502
13,3261,0.17417783191230207,9096
13,3281,0.08139534883720931,8153
13,3341,0.061313868613138686,8250
13,3381,0.22305764411027568,12300
13,3421,0.1553072625698324,9669
13,3431,0.06060606060606061,9227
13,3501,0.13539651837524178,9679
13,3541,0.13564668769716087,13961
13,3581,0.0958904109589041,9762
13,3621,0.10283687943262411,7488
13,3661,0.20148148148148148,10805
13,3701,0.07817109144542773,8528
13,3741,0.049440298507462684,8594
13,3781,0.08421052631578947,10371
13,3821,0.0775,9739
13,3861,0.18340611353711792,13208
13,3901,0.08123791102514506,9076
13,3941,0.053784860557768925,9360
13,3981,0.1497005988023952,9837
13,4001,0.28354978354978355,11969
13,4011,0.10887772194304858
13,4021,0.08067226890756303,8787
13,4031,0.11863391252246855,7452
13,4061,0.057777777777777775,7958
13,4071,0.3036144578313253,13059
13,4091,0.10687022900763359,11080
13,4121,0.07936507936507936,9767
13,4171,0.13541666666666666,10431
13,4221,0.10130718954248366,9249
13,4241,0.15594855305466238,9648
13,4261,0.11904761904761904,9318
13,4281,0.09230769230769231,7888
13,4301,0.05154639175257732,11506
13,4341,0.13074204946996468,10237
13,4381,0.08862629246676514,9003
13,4391,0.15555555555555556,9366
13,4401,0.11016949152542373,9744
13,4421,0.045,8762
13,4441,0.1491442542787286,13152
13,4461,0.116751269035533,15003
13,4491,0.09124767225325885,8958
13,4501,0.3137254901960784,15214
13,4511,0.2222222222222222,10672
13,4541,0.08250825082508251,11182
13,4581,0.11512717536813923,8999
13,4611,0.10833333333333334,10010
13,4681,0.0735930735930736,8937
13,4691,0.21701602959309493,10258
13,4721,0.13769751693002258,9794
13,4741,0.13449023861171366,11045
13,4761,0.08971962616822429,9842
13,4801,0.0851063829787234,9477
13,4841,0.1410459587955626,9448
13,4881,0.12053571428571429,10248
13,4921,0.10934744268077601,8784
13,4961,0.15137614678899083,14001
13,5001,0.05930232558139535,8277
13,5003,0.17729393468118196,8065
13,5005,0.09856262833675565,7822
13,5021,0.15359477124183007,9539
13,5041,0.20915032679738563,10024
13,5051,0.10256410256410256,8455
13,5061,0.1287313432835821,10639
13,5081,0.13274336283185842,13367
13,5091,0.04735883424408015,8095
13,5101,0.1133257403189066,7820
13,5121,0.3036529680365297,12365
13,5131,0.0,9905
13,5141,0.05851063829787234,7982
13,5201,0.10215053763440861,8850
13,5241,0.11024643320363164,9498
13,5281,0.1884920634920635,9367
13,5321,0.06234718826405868,8092
13,5361,0.08908685968819599,10616
13,5381,0.12258064516129032,8881
13,5401,0.018518518518518517,8737
13,5421,0.14038128249566725,9094
13,5431,0.09688581314878893,9278
13,5441,0.1936127744510978,10229
13,5481,0.08828828828828829,9602
13,5521,0.32634032634032634,15984
13,5561,0.24842767295597484,11817
13,5601,0.14081145584725538,9456
13,5641,0.1875,11372
13,5671,0.0667433831990794,8557
13,5711,0.1147227533460803,9038
13,5791,0.07021791767554479,8675
13,5831,0.05420054200542006,11461
13,5861,0.10335917312661498,9149
13,5901,0.19219653179190752,10174
13,5931,0.0635593220338983,10863
13,5951,0.17375231053604437,8814
13,5961,0.10118632240055828,7730
13,5971,0.08357348703170028,10022
13,5981,0.1358839050131926,9884
13,5991,0.2359882005899705,10501
13,6001,0.02725563909774436,7351
13,6011,0.19148936170212766,10290
13,6021,0.08181818181818182,6197
13,6023,0.05263157894736842,7848
13,6031,0.19786096256684493,12532
13,6041,0.1925754060324826,10672
13,6051,0.14049586776859505,11988
13,6052,0.06010230179028133,7511
13,6071,0.0,8144
13,6081,0.03854389721627409,9834
13,6091,0.1972972972972973,9470
13,6111,0.26594464500601683,10658
13,6121,0.11683848797250859,8200
13,6161,0.15375,7497
13,6171,0.11400651465798045,7362
13,6211,0.1696969696969697,7105
13,6221,0.13768115942028986,7075
13,6231,0.22527472527472528,10365
13,6241,0.0910010111223458,6901
13,6251,0.2224025974025974,11148
13,6281,0.359375,16616
13,6301,0.08518877057115198,6643
13,6331,0.18854748603351956,7623
13,6351,0.13059701492537312,7359
13,6361,0.2152619589977221,9411
13,6391,0.1393258426966292,9128
13,6411,0.11616161616161616,8432
13,6441,0.14088669950738916,8170
13,6501,0.08225437928408226,6975
13,6521,0.14903846153846154,7148
13,6541,0.08139534883720931,6876
13,6571,0.07639680729760548,7286
13,6591,0.09815950920245399,10058
13,6611,0.12878787878787878,7865
13,6631,0.1021978021978022,7571
13,6681,0.27213822894168466,9570
13,6701,0.1338506304558681,7196
13,6741,0.11174089068825911,7416
13,6751,0.04629080118694362,6140
13,6761,0.19517102615694165,10658
13,6771,0.17753201396973226,6881
13,6781,0.16517857142857142,9367
13,6801,0.21756487025948104,9800
13,6821,0.14756944444444445,6943
13,6841,0.09132770529547199,6871
13,6861,0.12311178247734139,7295
13,6881,0.07692307692307693,7265
13,6901,0.14776951672862454,7465
13,6921,0.11314475873544093,6622
13,6961,0.125,7707
13,7005,0.07920792079207921,14398
13,7008,0.1393643031784841,8239
13,7011,0.11940298507462686,7840
13,7021,0.048859934853420196,8529
13,7029,0.03410936654033568,6766
13,7031,0.0,7064
13,7033,0.05486284289276808,8913
13,7041,0.0,7619
13,7048,0.0641025641025641,6353
13,7049,0.05867819641754169,6830
13,7051,0.12153449387491941,7881
13,7055,0.03007518796992481,9624
13,7056,0.09722222222222222,11783
13,7061,0.0,5857
13,7071,0.09439801918910554,7106
13,7081,0.028169014084507043,10023
13,7091,0.0,10794
13,7101,0.05508350424846176,6629
13,7111,0.14956855225311602,8373
13,7121,0.09053213545266067,6450
13,7131,0.1601537475976938,9207
13,7141,0.06598984771573604,6802
13,7151,0.20926829268292682,8466
13,7161,0.02262142381902861,8242
13,7171,0.02188782489740082,6860
13,7191,0.06129149945275447,6368
13,7201,0.08333333333333333,7126
13,7231,0.13291796469366562,11527
13,7251,0.1262135922330097,9319
13,7261,0.0
13,7271,0.12729498164014688,7787
13,7291,0.03544575725026853,7729
13,7301,0.13243243243243244,12348
13,7341,0.1001977587343441,8578
13,7351,0.12166666666666667,9590
13,7361,0.1720958819913952,7238
13,7371,0.10871647509578544,6137
13,7391,0.059640522875817,7687
13,7411,0.12349799732977303,9612
13,7431,0.10975170924793091,6685
13,7461,0.10193321616871705,7329
13,7511,0.1008174386920981,8256
13,7531,0.14473684210526316,8172
13,7541,0.12213740458015267,8649
13,7551,0.0,5025
13,7571,0.0,10385
13,7581,0.03958090803259604,7285
13,7591,0.088348271446863,8066
13,7601,0.026200873362445413,7436
13,7631,0.32407407407407407,41549
13,7701,0.13022941970310392,7399
13,7721,0.12,8135
13,7731,0.2055231014338821,8503
13,7741,0.1532520325203252,7562
13,7751,0.0962962962962963,7287
13,7781,0.13468711147948612,7079
13,7791,0.154419595314164,11542
13,7823,0.0
13,7827,0.18181818181818182,23108
13,7834,0.07755102040816327
13,7835,0.0,10364
13,7860,0.0,33053
13,7861,0.0
13,7862,0.0,23458
13,7863,0.0
13,7891,0.07547169811320754
13,7901,0.053169734151329244,11633
13,8012,0.0,9942
13,8019,0.0,19659
13,8101,0.1917808219178082,38512
13,8121,0.0,52651
13,8131,0.0,53872
13,8141,0.2222222222222222,19769
14,0031,0.11609907120743033,8647
14,0061,0.20491803278688525,9015
14,0081,0.10819009100101112,8087
14,0161,0.12027158098933075,7339
14,0181,0.13884555382215288,10438
15,0021,0.18455743879472694,9161
15,0041,0.18791946308724833,8049
15,0101,0.2140221402214022,7614
15,0111,0.210752688172043,7775
16,0121,0.16666666666666666,10340
16,0141,0.145985401459854,29755
16,0151,0.12158054711246201,10143
16,0161,0.16507936507936508,8794
16,0181,0.16521739130434782,9676
16,0191,0.16859122401847576,8584
16,0201,0.11187214611872145,7795
16,0211,0.15,8484
16,0251,0.07563025210084033,6710
16,0291,0.2036775106082037,10107
16,0301,0.14442231075697212,7833
16,0311,0.06955380577427822,6588
16,0321,0.0
16,0331,0.09924550203134068,6213
16,0351,0.13050075872534142,11546
16,0371,0.16666666666666666,9880
16,0381,0.12731668009669622,6832
16,0391,0.0
16,0451,0.16420664206642066,8251
16,0461,0.19831223628691982,9460
16,0481,0.15461847389558234,7936
16,0511,0.1384928716904277,8879
16,0581,0.13580246913580246,8231
16,0591,0.15813953488372093,7531
16,0621,0.16701461377870563,6452
16,0631,0.1351963746223565,6037
16,0641,0.14325068870523416,8731
16,0651,0.24130879345603273,8579
16,0661,0.1784090909090909,8086
16,0681,0.1340909090909091,8282
16,0691,0.2415902140672783,7671
16,0701,0.12195121951219512,7827
16,0711,0.15562403697996918,7900
16,0721,0.1492204899777283,8913
16,0731,0.09090909090909091,9883
16,0741,0.15170278637770898,9508
16,0751,0.025101763907734057,6952
16,0761,0.32879377431906615,11258
16,0771,0.17667844522968199,8636
16,0791,0.1503957783641161,8984
16,0801,0.1316348195329087,7357
16,0811,0.15492957746478872,6112
16,0821,0.3805774278215223,12760
16,0831,0.08778625954198473,8351
16,0841,0.3136729222520107,10142
16,0851,0.12931034482758622,9020
16,0861,0.1360248447204969,7539
16,0871,0.1392931392931393,8663
16,0881,0.11663066954643629,7831
16,0891,0.10110584518167456,7919
16,0901,0.1280388978930308,6786
16,0931,0.3407707910750507,11197
16,0941,0.11764705882352941,8566
16,0951,0.16666666666666666,9530
16,0961,0.16413593637020968,7111
16,0971,0.1289134438305709,7220
16,0981,0.1353637901861252,8285
16,0991,0.2097130242825607,9548
16,1061,0.18072289156626506,11067
16,1073,0.057885906040268456,7612
16,1161,0.14609053497942387,7697
16,1241,0.1407035175879397,7994
16,1281,0.275,7271
16,1411,0.13389830508474576,9127
16,1421,0.25338753387533874,8584
16,1441,0.0829103214890017,7693
16,1451,0.03760071620411817,7296
16,1461,0.15671641791044777,10238
16,1491,0.12255772646536411,12910
16,1501,0.10865874363327674,6654
16,1521,0.0412796697626419,5898
16,1531,0.015018773466833541,7292
16,1542,0.1543026706231454,9292
16,1551,0.13758389261744966,10075
16,1561,0.14901960784313725,9153
16,1581,0.08522727272727272,9608
16,1591,0.1622222222222222,8526
16,1601,0.2797858099062918,10070
16,1611,0.12755102040816327,7275
16,1621,0.06666666666666667,8521
16,1631,0.17314487632508835,8875
16,1651,0.127163280662152,6328
16,1661,0.11258278145695365,8512
16,1691,0.12014134275618374,9661
16,1821,0.0
16,2021,0.1529051987767584,8198
16,2031,0.09223300970873786,7873
16,2051,0.14746543778801843,10423
16,2061,0.1647940074906367,7846
16,2072,0.14884393063583815,7106
16,2081,0.1781609195402299,9538
16,2091,0.27256637168141595,10539
16,2111,0.1354764638346728,6806
16,2121,0.21621621621621623,7850
16,2131,0.20675675675675675,9492
16,2141,0.22727272727272727,8782
16,2161,0.166,6252
16,2171,0.15674603174603174,7960
16,2181,0.11183144246353323,7107
16,2191,0.2421972534332085,8751
16,2201,0.11981566820276497,8548
16,2211,0.15779467680608364,9480
16,2221,0.2137030995106036,9362
16,2231,0.10018639328984157,6438
16,2241,0.05825242718446602,8936
16,2251,0.12323943661971831,7130
16,2261,0.15517241379310345,8445
16,2271,0.23583180987202926,10498
16,2281,0.2410575427682737,9229
16,2291,0.1532033426183844,7626
16,2301,0.13178294573643412,8198
16,2311,0.211781206171108,8508
16,2321,0.1599229287090559,7733
16,2331,0.1165644171779141,8011
16,2341,0.12624584717607973,9048
16,2351,0.113345521023766,7879
16,2361,0.16954022988505746,9898
16,2371,0.11958762886597939,5965
16,2381,0.11405835543766578,6930
16,2391,0.18295218295218296,9376
16,2401,0.16158536585365854,8539
16,2411,0.2051931602279924,7148
16,2421,0.18882978723404256,7334
16,2431,0.10412926391382406,7448
16,2441,0.1423841059602649,6961
16,2451,0.15320665083135393,7831
16,2461,0.26626506024096386,10828
16,2471,0.14540816326530612,9641
16,2481,0.20300751879699247,8377
16,2491,0.3032679738562091,9103
16,2501,0.12040133779264214,8703
16,2511,0.1125,6850
16,2531,0.1076388888888889,6269
16,2541,0.16707616707616707,6430
16,2551,0.17253948967193194,7502
16,2561,0.19370629370629372,7031
16,2571,0.22577092511013216,7909
16,2581,0.17623762376237623,8998
16,2591,0.12623413258110014,6749
16,2601,0.07335448057097542,6444
16,2621,0.12101910828025478,7877
16,2631,0.2169230769230769,9339
16,2641,0.1859375,7222
16,2651,0.11844005777563794,6223
16,2671,0.061284046692607,7257
16,2681,0.14235345967386515,6525
16,2691,0.20317002881844382
16,2701,0.2052877138413686,8605
16,2741,0.22527472527472528,9569
16,2791,0.22766323024054982,7940
16,2801,0.15340442986054142,7563
16,2851,0.1908548707753479,13099
16,7023,0.07092198581560284,19534
17,0021,0.11290322580645161,7617
17,0031,0.19850746268656716,8048
17,0051,0.12678288431061807,7682
17,0061,0.1663306451612903,6835
17,0101,0.0935672514619883,7579
17,0111,0.15010570824524314,7696
17,0191,0.10899653979238755,7797
17,0221,0.12323390894819466,6380
17,0231,0.11942675159235669,7793
17,0271,0.10513447432762836,9401
17,0281,0.1265750286368843,6768
17,0291,0.15422077922077923,6780
17,0301,0.171238570241064,6353
17,0361,0.1658291457286432,11592
17,0371,0.16112084063047286,9931
17,0381,0.2085661080074488,9847
17,0391,0.1669793621013133,9671
17,0411,0.11306179775280899,7670
17,0441,0.12258064516129032,6527
17,0451,0.1302170283806344,6653
17,0461,0.12363636363636364,6720
17,0471,0.19775280898876405,9934
17,0491,0.1685185185185185,8051
17,0501,0.13380281690140844,7581
17,0521,0.10252873563218391,6298
17,0541,0.13701431492842536,7749
17,0551,0.18156424581005587,11164
17,0561,0.21001221001221002,7924
17,0572,0.1391941391941392,9322
17,0581,0.28113879003558717,9833
17,0601,0.17075664621676892,8060
17,0671,0.02486678507992895,6625
17,0771,0.22468354430379747,14581
17,0862,0.1539877300613497,7294
17,0863,0.1607773851590106,8549
17,0866,0.23404255319148937,10571
17,0921,0.16129032258064516,8348
17,0941,0.11925601750547046,6893
17,0951,0.10179977502812149,6849
17,1201,0.18973747016706444,8059
17,1221,0.15334773218142547,6757
17,1231,0.1342685370741483,10447
17,1241,0.11193111931119311,7550
17,1251,0.04633781763826607,6241
17,1261,0.1696969696969697,8513
17,1281,0.132890365448505,8673
17,1291,0.15180722891566265
17,1311,0.21555915721231766
17,2034,0.0,6013
17,7004,0.0,6422
18,0011,0.20176405733186328,7955
18,0022,0.21165381319622964,8214
18,0051,0.1575984990619137,8457
18,0090,0.16304985337243402,6891
18,0091,0.12802768166089964,7284
18,0131,0.17763845350052246,8349
18,0201,0.13408723747980614,7464
18,0301,0.12726008344923506,7453
18,0401,0.15210355987055016,7598
18,7004,0.0,5189
19,0091,0.19421965317919074,10278
20,0041,0.17729083665338646,9337
20,0051,0.1668372569089048,7392
20,0052,0.15762273901808785,9458
20,0091,0.13114754098360656,10260
20,0101,0.0,11080
20,0141,0.09666666666666666,9240
20,0151,0.14507772020725387,9469
20,0201,0.1674565560821485,8613
20,0211,0.1861152141802068,8036
20,0231,0.2073170731707317,8811
21,0021,0.1273792093704246,9800
21,0031,0.1589825119236884,10688
21,0032,0.2548076923076923,10090
21,0041,0.22676579925650558,9312
22,0021,0.188,9386
22,0051,0.1876750700280112,9991
22,0055,0.14020270270270271,8826
23,0022,0.2753623188405797,8105
23,0051,0.18512396694214875,8444
23,0061,0.1523046092184369,10373
23,0081,0.18309859154929578,12774
24,0032,0.09779179810725552,10137
24,0041,0.12790697674418605,8507
25,0011,0.13293051359516617,9971
25,0021,0.11848679514632406,7463
25,0031,0.17380352644836272,7978
25,0041,0.11142857142857143,9365
25,0061,0.12567324955116696,8801
25,0091,0.1411589895988113,8831
25,0111,0.12639405204460966,8694
26,0020,0.1591737545565006,7809
26,0061,0.12005277044854881,7866
26,0151,0.21020408163265306,8762
26,0161,0.12757201646090535,8216
26,0162,0.15397350993377484,8616
26,0171,0.09411764705882353,8082
26,0181,0.1448445171849427,7372
26,0191,0.13360323886639677,8718
26,0192,0.13008130081300814,8479
26,0201,0.15729166666666666,7948
26,0401,0.0,12585
27,0051,0.1153184165232358,8136
27,0052,0.18935837245696402,8736
27,0161,0.225177304964539,9561
27,0171,0.22734026745913818,7891
27,0181,0.09761766414875073,7151
27,0202,0.12239583333333333,7652
27,0211,0.21428571428571427,7806
27,0221,0.10256410256410256,6785
27,0231,0.1825726141078838,7354
27,0241,0.1537313432835821,8531
27,0251,0.1520882584712372,7181
27,0252,0.20414847161572053,7605
27,0253,0.18950437317784258,9028
27,0261,0.2304921968787515,8492
27,0271,0.22495606326889278,9302
27,0321,0.17204301075268819,6939
27,0331,0.2283464566929134,16864
27,0341,0.07557354925775979,7742
27,0342,0.0
27,0351,0.09027777777777778,7904
27,0371,0.07885554780181438,7678
27,0381,0.1905604719764012,7562
27,0391,0.11198120595144871,6576
27,0392,0.12527154236060825,6501
27,7004,0.0,4128
28,0015,0.17378048780487804,7735
28,0021,0.14890885750962773,7691
28,0031,0.19006849315068494,7874
28,0041,0.1469265367316342,7745
28,0051,0.1798780487804878,8131
28,0061,0.20637898686679174,7813
28,0071,0.16825396825396827,7063
28,0081,0.22346368715083798,8446
28,0091,0.14365411436541142,7987
28,0101,0.11716171617161716,8086
28,0111,0.16139240506329114,8368
28,0211,0.19778699861687413,8151
28,0221,0.10832811521603006,7973
28,0231,0.15668202764976957,8570
28,0251,0.10532837670384139,8091
28,0291,0.15109034267912771,7310
28,7023,0.0,4324
29,0005,0.1437308868501529,8602
29,0041,0.1690307328605201,8587
29,0042,0.15937940761636107,9348
29,0043,0.16914830256104824,7007
29,0051,0.10115606936416185,9502
29,0052,0.2111650485436893,7086
29,0054,0.2167352537722908,8322
29,0055,0.1526282457251425,7004
29,0056,0.26171875,9350
29,0059,0.1203883495145631,7149
29,0060,0.058981233243967826,8812
29,0065,0.14370664023785926,7262
29,0069,0.1187363834422658,7111
29,0070,0.15702479338842976,9532
29,0072,0.15645371577574968,7942
29,0073,0.12849341471249598,5775
29,0074,0.15670650730411687,7817
29,0081,0.15640599001663893,10376
29,0082,0.1910828025477707,8683
29,0084,0.15729047072330654,7122
29,0085,0.16443361753958588,7851
29,0086,0.1250822909809085,6315
29,0089,0.07518189167340339,6760
29,0092,0.16862745098039217,8282
29,0093,0.09876543209876543,7199
29,0100,0.0887185104052574,7481
29,0102,0.174931129476584,8234
29,0110,0.1548311990686845,8883
29,0120,0.184,9689
29,0121,0.14397905759162305,8289
29,0123,0.13829787234042554,19733
29,0125,0.16585365853658537,8100
29,0128,0.18019257221458046,8543
29,0131,0.15328798185941042,6602
29,0141,0.14396284829721362,7799
29,0151,0.11735089078233928,6453
29,0161,0.19498069498069498,9595
29,0191,0.12613981762917933,7585
29,0201,0.11552680221811461,6788
29,0261,0.1488095238095238,9390
29,0271,0.1267175572519084,7865
29,0281,0.1247853463079565,7582
29,0282,0.18352059925093633,11675
29,0284,0.08869395711500974,6836
29,0291,0.16266666666666665,6983
29,0311,0.14518002322880372,8056
29,0322,0.16589147286821707,7035
29,0361,0.12192262602579132,7277
29,0363,0.17525773195876287,25777
29,0371,0.13793103448275862,12249
29,0401,0.1703239289446186,7218
29,0441,0.1918158567774936,10696
29,0521,0.1732394366197183,10157
29,0527,0.08154943934760449,7524
29,0561,0.2076271186440678,8204
29,0571,0.19605263157894737,8173
29,0631,0.23144654088050315,8590
29,0641,0.22841225626740946,11800
29,0651,0.1276595744680851,6502
29,0682,0.21036585365853658
29,0691,0.17403708987161198,8555
29,0701,0.1478494623655914,8616
29,0761,0.1959924859110833,8084
29,0771,0.22604422604422605,10822
29,0772,0.08418657565415244,7359
29,0801,0.305982905982906,11284
29,0802,0.19910514541387025,8478
29,0841,0.11795774647887323,8972
29,0842,0.16483516483516483,7995
29,0851,0.11520190023752969,8006
29,0861,0.20985915492957746,8765
29,0881,0.1590909090909091,11852
29,0921,0.09606147934678194,6924
29,0931,0.2300140252454418,7707
29,0962,0.2054794520547945,12413
29,1001,0.13976945244956773,8845
29,1021,0.13013698630136986,8188
29,1051,0.1997703788748565,8078
29,1080,0.14963503649635038,7134
29,1081,0.192,12831
29,1101,0.1310116086235489,8523
29,1201,0.12044374009508717,10384
29,1281,0.1391941391941392,9959
29,1291,0.14762301918265222,6803
29,1322,0.13297872340425532,6671
29,1324,0.18343653250773995,7090
29,1361,0.19298245614035087,12482
29,1401,0.12199630314232902,8115
29,1431,0.1918238993710692,8697
29,1441,0.08279220779220779,5982
29,1471,0.19675456389452334,9848
29,1481,0.22199170124481327,11057
29,1482,0.16319444444444445,7063
29,1541,0.13850129198966407,6955
29,1542,0.19680851063829788,8874
29,1551,0.13696612665684832,7391
29,1601,0.21247892074198987,10534
29,1681,0.08710801393728224,7927
29,1721,0.17723880597014927,9458
29,1761,0.1802030456852792,12145
29,1776,0.1529968454258675,9254
29,1781,0.16586151368760063,8579
29,1831,0.15140845070422534,8457
29,1871,0.14814814814814814,6906
29,1881,0.11526315789473685,7297
29,1941,0.15217391304347827,8751
29,1951,0.21403508771929824,9270
29,2041,0.17973231357552583,9362
29,2042,0.20291616038882138,7456
29,2201,0.206286836935167,8014
29,2241,0.14285714285714285,7936
29,2261,0.14533622559652928,8800
29,2291,0.20990873533246415,9010
29,2321,0.17039800995024876,8280
29,2361,0.1935483870967742,10727
29,2362,0.20512820512820512,11022
29,2401,0.12367491166077739,9596
29,2421,0.12505789717461788,7616
29,2431,0.09419152276295134,7168
29,2441,0.12704918032786885,9363
29,2451,0.19444444444444445,8946
29,2461,0.11836115326251896,7828
29,2471,0.12629757785467127,6748
29,2521,0.11893203883495146,8801
29,2531,0.2031523642732049,9141
29,2551,0.13880445795339413,7638
29,2561,0.17214397496087636,9161
29,2601,0.11981566820276497,7717
29,2651,0.1732418524871355,7617
29,2721,0.1294871794871795,8615
29,2771,0.18314424635332252,10259
29,2801,0.15151515151515152,7509
29,2841,0.17307692307692307,7973
29,2851,0.06867671691792294,6412
29,2871,0.17657992565055763,8347
29,2882,0.167192429022082,9421
29,2961,0.17266187050359713,9165
29,3001,0.09228187919463088,8468
29,3004,0.1341692789968652,7897
29,3041,0.1431818181818182,8928
29,3061,0.1406799531066823,7647
29,3081,0.0824607329842932,7479
29,3082,0.08487486398258977,7691
29,3101,0.11804008908685969,10429
29,3121,0.15185601799775028,10089
29,3131,0.13004484304932734,6581
29,3141,0.12967581047381546,7560
29,3151,0.1491628614916286,8406
29,3161,0.1681087762669963,9154
29,3171,0.0981554677206851,6217
29,3181,0.1619047619047619,10480
29,3201,0.12762237762237763,9089
29,3241,0.09782608695652174,7852
29,3281,0.21593291404612158,11516
29,3362,0.1875,9825
29,3371,0.10830745341614907,6675
29,3381,0.15719063545150502,10064
29,3411,0.07710747103475829,6712
29,3431,0.16666666666666666,6760
29,3441,0.13369713506139155,7529
29,3442,0.1303827751196172,6728
29,3521,0.11150442477876106,10528
29,3561,0.12153518123667377,7162
29,3620,0.10267229254571027,6503
29,3622,0.0998003992015968,8604
29,3641,0.24363636363636362,10316
29,3681,0.23502994011976047,9552
29,3731,0.11217335882727852,7487
29,3761,0.12945838837516513,9536
29,3771,0.15220293724966621,7260
29,3784,0.11549295774647887,7489
29,3801,0.0918918918918919,7701
29,3802,0.09987029831387809,8864
29,3841,0.20125786163522014,8215
29,3851,0.18624161073825504,8889
29,3861,0.11867088607594936,7789
29,3881,0.24904942965779467,9324
29,3921,0.23582766439909297,12005
29,3922,0.1624874623871615,7611
29,3951,0.1737891737891738,8810
29,3961,0.10300429184549356,9340
29,4141,0.11353898886032562,6536
29,4151,0.0937368642286675,6848
29,4161,0.12811791383219956,8086
29,4201,0.13043478260869565,8567
29,4211,0.19151670951156813,8306
29,4212,0.18484288354898337,8531
29,4221,0.04144319843978547,6630
29,4241,0.2399403874813711,10416
29,4251,0.10553410553410554,7919
29,4261,0.14285714285714285,8450
29,4281,0.1430817610062893,7608
29,4361,0.17674418604651163,8728
29,4381,0.09291338582677165,7657
29,4391,0.0
29,4441,0.18588235294117647,10508
29,4442,0.1409028727770178,8978
29,4481,0.16152450090744103,9915
29,4522,0.2112676056338028,7955
29,4561,0.18528610354223432,8986
29,4581,0.16995073891625614,8326
29,4591,0.13842482100238662,7256
29,4601,0.16883116883116883,11040
29,4611,0.08393782383419689,7785
29,4651,0.10193133047210301,7477
29,4681,0.15151515151515152,9689
29,4722,0.22142857142857142,11860
29,4731,0.11362700699876492,6510
29,4741,0.05054151624548736,7305
29,4747,0.14923076923076922,8987
29,4761,0.08245877061469266,7471
29,4801,0.1771117166212534,9896
29,4841,0.18821603927986907,10541
29,4921,0.1832191780821918,10608
29,4941,0.1634182908545727,9172
29,4961,0.17385057471264367,7836
29,5041,0.13704819277108435,8611
29,5044,0.27419354838709675,10396
29,5054,0.20967741935483872,8313
29,5058,0.0
29,7023,0.0,11666
30,0031,0.09585492227979274,8913
30,0041,0.13140311804008908,8713
30,0061,0.16611295681063123,10180
30,0111,0.20952380952380953,9198
30,0261,0.12025316455696203,8861
30,0262,0.16497263487099295,6907
31,0031,0.11859193438140807,7548
31,0033,0.3684210526315789
31,0041,0.1425925925925926,8688
31,0051,0.13670411985018727,8991
31,0061,0.12473572938689217,9430
31,0081,0.18074074074074073,9861
31,0101,0.18227424749163879,9916
31,0121,0.2692307692307692,12332
31,0141,0.18687589158345222,9571
31,0151,0.2109181141439206,11431
31,0161,0.21543408360128619,10426
31,0171,0.12312633832976445,8018
31,0191,0.1546134663341646,10652
31,0201,0.19392917369308602,9329
31,0221,0.1388888888888889,9024
31,0271,0.16276477146042365,8845
31,0291,0.14151925078043703,8474
31,0301,0.13468634686346864,8665
31,0341,0.16012084592145015,8701
31,0371,0.15723873441994246,7351
32,0021,0.10714285714285714,6851
32,0031,0.14463452566096424,7010
32,0041,0.16838995568685378,7144
32,0061,0.11589403973509933,6782
32,0121,0.15355805243445692,8500
32,0141,0.08644859813084112,6551
32,0171,0.1785063752276867,7768
32,0181,0.12747252747252746,7389
32,0212,0.6455696202531646,23671
32,0251,0.0997920997920998,7302
32,0271,0.19651741293532338,8199
32,0301,0.17578125,10037
32,0491,0.09019607843137255,8453
34,0021,0.15814696485623003,8054
34,0022,0.18136439267886856,8741
35,0031,0.15760869565217392,8997
35,0041,0.18295218295218296,9588
35,0061,0.1328976034858388,8243
35,0067,0.17410714285714285,7921
35,0068,0.15262172284644196,7160
35,0069,0.19270239452679588,7226
35,0071,0.253671562082777,8720
35,0080,0.14160839160839161,6719
35,0081,0.15003641660597233,7385
35,0101,0.1837837837837838,8467
35,0113,0.1736040609137056,7092
35,0119,0.16144018583042974,8030
35,0141,0.20527306967984935,8359
35,0161,0.150066401062417,7942
35,0181,0.11864406779661017,7294
35,0211,0.11946591707659873,6410
35,0213,0.15307971014492755,6783
35,0231,0.15239294710327456,8009
35,0241,0.1564245810055866,7554
35,0251,0.21714285714285714,9345
35,0271,0.1722560975609756,8315
35,0281,0.14926829268292682,7547
35,0291,0.11139896373056994,9346
35,0351,0.18214716525934863,8035
35,0382,0.20433017591339647,8557
35,0401,0.14751286449399656,7541
35,0411,0.14336075205640422,6813
35,0481,0.14521926671459381,6319
35,0521,0.16015625,9194
35,0551,0.15768463073852296,6856
35,0561,0.1744,8387
35,0571,0.21652892561983472,7615
35,0591,0.15671641791044777,7653
35,0597,0.15344827586206897,7287
35,0697,0.18039624608967675,7039
35,0701,0.12700729927007298,6360
35,0801,0.1223021582733813,6417
35,0901,0.15914351851851852,6791
35,7004,0.0,5965
36,0081,0.156312625250501,8335
36,0091,0.12391093901258471,7459
36,0093,0.13994169096209913,7986
36,0121,0.10894941634241245,10234
36,0131,0.11589895988112928,7966
36,0133,0.12728937728937728,7101
36,0141,0.11333333333333333,7476
36,0152,0.16129032258064516,27743
36,0161,0.1512770137524558,8603
36,0162,0.15902964959568733,10875
36,0181,0.14751286449399656,11589
36,0191,0.06936416184971098,9996
36,0201,0.10185185185185185,15955
36,0211,0.13915857605177995,10125
36,0221,0.09927983539094651,6959
36,0231,0.1109979633401222,8232
36,0241,0.11261457878655609,7284
36,0242,0.13531598513011153,7474
36,0251,0.09421841541755889,10203
36,0261,0.18099547511312217,11131
36,0291,0.10648714810281518,8570
36,0301,0.11813643926788686,8151
36,0311,0.08892438764643237,7039
36,0321,0.0855106888361045,9099
36,0331,0.12369337979094076,9502
36,0341,0.11914893617021277,11740
36,0351,0.11896243291592129,6834
36,0361,0.07575757575757576,11997
36,0371,0.15440508628519528,10258
36,0381,0.09358752166377816,11576
36,0382,0.12093023255813953,7972
36,0391,0.18412348401323042,8905
36,0401,0.18671248568155785,10593
36,0421,0.1331615120274914,7672
36,0431,0.09251101321585903,7645
36,0461,0.13287671232876713,8434
36,0471,0.12026515151515152,8227
36,0491,0.12699350265800355,7911
36,0511,0.1262493424513414,7729
36,0521,0.08,8084
36,0531,0.13531967721911856,6653
36,0561,0.09752747252747253,8228
36,0571,0.1628630705394191,9507
36,0572,0.1471264367816092,8033
36,0582,0.1211667913238594,7457
36,0591,0.10535405872193437,6111
36,0592,0.09090909090909091,11596
36,0597,0.1299492385786802,8819
36,0601,0.12332439678284182,9020
36,0611,0.14541387024608501,7808
36,0621,0.09763681592039801,6963
36,0631,0.14192139737991266,9573
36,0641,0.14078674948240166,7924
36,0653,0.0,6701
36,0671,0.08684863523573201,7298
36,0672,0.12,8015
36,0681,0.11848958333333333,8926
36,0682,0.0
36,0691,0.12979351032448377,8127
36,0711,0.13529921942758022,8539
36,0712,0.13818722139673106,9055
36,0721,0.12716763005780346,7400
36,0722,0.13649851632047477,8456
36,0731,0.09732360097323602,6735
36,0734,0.136310223266745,8515
36,0741,0.13528138528138528,7341
36,0745,0.12130479102956167,8442
36,0751,0.1796875,9064
36,0761,0.13100436681222707,7620
36,0762,0.15510718789407313,8399
36,0763,0.0594059405940594,9507
36,0771,0.11991869918699187,7682
36,0772,0.125,7442
36,0781,0.13773148148148148,10097
36,0791,0.14727272727272728,9930
36,0801,0.11587485515643106,8473
36,0811,0.14758620689655172,8040
36,0821,0.14028436018957346,6996
36,0831,0.1192521475492673,7369
36,0841,0.08862629246676514,10021
36,0851,0.16511085180863477,8172
36,0861,0.13488114980652294,6724
36,7004,0.04929577464788732,7206
36,7023,0.0,6997
37,0021,0.07620908646800195,5853
37,0031,0.16170212765957448,6931
37,0032,0.10736579275905118,6488
37,0041,0.24604966139954854,9139
37,0051,0.10836120401337793,7561
37,0071,0.24818840579710144,8385
37,0091,0.193158953722334,8350
37,0092,0.15657142857142858,6991
37,0131,0.22007722007722008,8260
37,0161,0.1292418772563177,6878
37,0171,0.3430232558139535,9052
37,0191,0.28378378378378377
37,0204,0.1883289124668435,8410
37,0222,0.1792452830188679,8631
37,0231,0.183739837398374,7488
37,0291,0.16898608349900596,8102
37,0311,0.2818181818181818,9792
37,0381,0.10499490316004077,7240
37,0401,0.20304568527918782,7801
37,0421,0.17795275590551182,7467
37,0431,0.1700404858299595,8833
37,0441,0.17560975609756097,7978
37,0451,0.12305854241338113,7071
37,0481,0.15057471264367817,7537
37,0491,0.23938223938223938,9108
37,0501,0.27871621621621623,8098
37,0511,0.15578635014836795,7663
37,0521,0.12534818941504178,7531
37,0531,0.11956521739130435,6714
37,0561,0.18087855297157623,7524
37,1091,0.09921026653504442,6073
37,1131,0.14521841794569068,7417
37,1141,0.06921241050119331,6247
37,1151,0.1354916067146283,6857
37,1161,0.17841726618705037,7368
37,1171,0.1937354988399072,7892
37,1181,0.16448326055312956,7927
37,1201,0.09559512652296158,6581
37,1202,0.17254901960784313,7044
37,1211,0.2909090909090909,8793
37,1503,0.0,5978
37,7004,0.0,21523
38,0021,0.20909090909090908,8648
38,0041,0.156,10681
38,0051,0.14355828220858896,7688
38,0091,0.17958783120706576,7069
38,0092,0.1711229946524064,8713
38,0111,0.14957264957264957,9276
38,0231,0.15625,7856
38,0241,0.15404699738903394,7345
38,1011,0.1724709784411277,7727
39,0021,0.1323529411764706,10803
39,0031,0.2202020202020202,9194
39,0041,0.15598885793871867,8275
40,0011,0.1411764705882353,8993
40,0041,0.2178714859437751,9164
40,0091,0.16129032258064516,8509
40,0101,0.19724770642201836,7766
40,0111,0.22842639593908629,7193
40,0950,0.2631578947368421,6458
41,0031,0.11155378486055777,10198
41,0051,0.19863013698630136,10641
41,0061,0.18281036834924966,9550
41,0072,0.14381270903010032,7703
41,0151,0.24879227053140096,10504
41,0181,0.13816081741448244,6803
41,0221,0.2157394843962008,8343
41,0231,0.14661654135338345,10052
41,0261,0.23902439024390243,10010
41,0271,0.2509727626459144,13121
41,0281,0.20822622107969152,12155
41,0291,0.17495987158908508,8448
41,0301,0.17896174863387979,10041
41,0351,0.14432989690721648,6513
41,0381,0.15223097112860892,9845
41,0411,0.17774762550881953,9339
41,0421,0.20272572402044292,9262
41,0431,0.13639035861258084,7301
41,0521,0.2662337662337662,10077
41,0541,0.22868217054263565,10539
41,0571,0.11764705882352941,9956
41,0581,0.22344322344322345,8318
41,0601,0.2168284789644013,8984
41,0611,0.1863186318631863,6625
41,0621,0.23574144486692014,9514
41,0631,0.20794392523364486,10570
41,0641,0.21474358974358973,9362
41,0651,0.1932367149758454,8817
41,0652,0.15069767441860465,6712
41,0671,0.22044728434504793,10113
41,0681,0.16137931034482758,8306
41,0691,0.050100200400801605,8352
41,0701,0.17223650385604114,8315
41,0711,0.12916328188464662,6143
41,0721,0.08118081180811808,6351
41,0731,0.15901060070671377,19624
41,0741,0.19440124416796267,9266
41,0752,0.09768637532133675,6151
41,0761,0.19962157048249762,7660
41,0762,0.10854616895874264,6355
41,0771,0.12853470437017994,8203
41,0781,0.2067620286085826,8234
41,0791,0.15597075548334688,6962
41,0801,0.11741935483870967,7622
41,0811,0.14066193853427897,7586
41,0821,0.13703703703703704,6806
41,0842,0.1588861588861589,6815
41,2004,0.0,6041
41,2007,0.0,6014
41,2019,0.14102564102564102,7110
41,2081,0.0,6141
41,2083,0.0
41,7004,0.0,7625
42,0051,0.10849056603773585,7027
42,0071,0.1918158567774936,10069
42,0091,0.18830242510699002,8380
42,0101,0.15717092337917485,8467
42,0162,0.17191283292978207,9571
42,0172,0.11578947368421053,8118
42,0181,0.16890881913303438,8466
42,0191,0.11662531017369727,8501
42,0211,0.12385321100917432,8026
42,0221,0.17161410018552875,6901
42,0251,0.19677790563866512,9408
42,0281,0.14450354609929078,7080
42,0291,0.057777777777777775,9570
42,0311,0.043923865300146414,7657
42,0331,0.16362252663622526,7343
42,0341,0.16891891891891891,9841
42,0351,0.124373576309795,6840
42,0361,0.10847107438016529,6523
42,0381,0.13730569948186527,10423
42,0391,0.16269284712482468,9531
42,0401,0.15789473684210525,8588
42,0431,0.14886164623467601,9271
42,0461,0.1117898594990837,6507
42,0491,0.16522811344019728,7247
42,0501,0.16610169491525423,6790
42,0521,0.15521628498727735,6565
42,0531,0.17131474103585656,8719
42,0541,0.1728395061728395,8846
42,0551,0.12519561815336464,7999
42,0561,0.16459627329192547,9231
42,0571,0.12679425837320574,7888
42,0581,0.13100436681222707,9277
42,0591,0.18823529411764706,8257
42,0611,0.2963464140730717,11310
42,0621,0.13829787234042554,8011
42,0631,0.1299093655589124,6488
42,0641,0.14981949458483754,9038
42,0651,0.15609756097560976,8757
42,0661,0.14125,6660
42,0671,0.16715542521994134,7993
42,0681,0.16055045871559634,7980
42,0691,0.13782302270947533,6179
42,0701,0.10943963896201579,5595
42,0711,0.14532019704433496,7587
42,0721,0.1404561824729892,7504
42,0731,0.21973094170403587,8664
42,0741,0.1508034610630408,7431
42,9401,0.18471337579617833,11589
42,9618,0.0,10060
42,9734,0.22641509433962265,5600
43,0021,0.1618828932261768,8083
43,0025,0.17412140575079874,8522
43,0031,0.13406795224977044,6784
43,0051,0.16666666666666666,8431
43,0061,0.1498422712933754,7925
43,0073,0.3020833333333333,20803
43,0081,0.12534818941504178,7717
43,0101,0.17752234993614305,8886
43,0111,0.15815485996705106,8780
43,0131,0.16198125836680052,9457
43,0211,0.23299319727891157,8879
43,0221,0.17405063291139242,8951
43,0241,0.11323681489141675,7098
43,0291,0.12436548223350254,7972
43,0301,0.1753472222222222,8133
43,0321,0.1270611057225994,7452
43,0331,0.21043478260869566,8361
43,0341,0.16830065359477125,8537
43,0351,0.11859838274932614,7699
43,0361,0.10318949343339587,7669
43,0371,0.13991163475699558,8107
44,0041,0.14147018030513175,11395
44,0101,0.14988104678826328,10892
44,0106,0.0
44,0111,0.20454545454545456,12072
44,0131,0.17398119122257052,13102
44,0161,0.20069204152249134,13571
44,0201,0.20228384991843393,13025
44,0251,0.17758620689655172,12867
44,0291,0.15537383177570094,12483
44,0311,0.2508833922261484,13783
44,0321,0.15547024952015356,12909
45,0031,0.12645348837209303,7482
45,0071,0.17767295597484276,9390
45,0081,0.16449511400651465,7949
45,0102,0.1643646408839779,8060
45,0121,0.17339312406576982,8955
45,0131,0.14213197969543148,6864
45,0151,0.1296551724137931,8052
45,0181,0.18181818181818182,10833
45,0191,0.11817279046673287,7163
45,0221,0.1590909090909091,7105
45,0231,0.12853863810252486,7332
45,0241,0.15841584158415842,8414
45,0242,0.22893258426966293,8870
45,0261,0.17114093959731544,7809
45,0271,0.22099447513812154,9685
45,0291,0.12966804979253113,7692
45,7004,0.0
46,0031,0.2817204301075269,10763
46,0041,0.15641711229946523,8214
46,0051,0.11404561824729892,7114
46,0082,0.17825311942959002,8377
46,0092,0.15558194774346792,7134
46,0121,0.11363636363636363,7147
46,0131,0.11471861471861472,7728
46,0151,0.16546762589928057,7663
46,0161,0.10424710424710425,7912
46,0201,0.1763157894736842,11725
46,0211,0.08213944603629417,7313
46,0222,0.20114285714285715,7666
46,0251,0.16842105263157894,7874
46,0271,0.20694645441389292,8548
46,0281,0.16,9907
46,0431,0.1674491392801252,8506
46,0541,0.17993079584775087,9420
46,0561,0.18072289156626506,8766
46,0571,0.12610340479192939,7419
46,0581,0.11965811965811966,8052
46,0601,0.1321564885496183,7443
46,0621,0.2262295081967213,9091
46,0631,0.1761467889908257,8891
46,0641,0.11744186046511627,7543
46,0651,0.21473158551810237,7984
46,0671,0.25098554533508544,9331
46,0681,0.1780821917808219,8837
46,0701,0.30097087378640774,8456
46,0721,0.16129032258064516,8579
46,0731,0.18577981651376146,8575
46,0741,0.10785340314136126,7261
46,0751,0.1522198731501057,6847
46,0761,0.19514472455648926,6884
46,0771,0.11578947368421053,7636
46,0791,0.234375,7084
46,7023,0.0942622950819672,3878
46,9812,0.23076923076923078
46,9818,0.0,8625
47,0031,0.16729323308270677,8734
47,0101,0.1853146853146853,7625
47,0112,0.2268041237113402,8748
47,0113,0.46745562130177515,20630
47,0121,0.25277777777777777,7623
47,0161,0.18940609951845908,8401
47,0171,0.21299093655589124,8363
47,0181,0.2331511839708561,9156
47,0201,0.2193211488250653,7242
48,0041,0.0
48,0042,0.0
48,0111,0.0953375086986778,7621
48,0113,0.0,26289
48,0121,0.09271194843827467,7387
48,0122,0.23129251700680273,16862
48,0128,0.0
48,0131,0.046351084812623275,7653
48,0141,0.09954751131221719,9040
48,0151,0.15442092154420922,10702
48,0156,0.1664564943253468,9416
48,0201,0.049738219895287955,8920
48,0212,0.07960893854748603,8196
48,0213,0.17099236641221374,9642
48,0214,0.1226158038147139,8723
48,0215,0.17381974248927037,9588
48,0216,0.07885906040268456,8052
48,0217,0.1499312242090784,9522
48,0221,0.1650326797385621,12836
48,0222,0.06839622641509434,7382
48,0231,0.1091127098321343,8656
48,0232,0.08564814814814815,7929
48,0235,0.12101063829787234,9157
48,0236,0.09577464788732394,8959
48,0241,0.12863705972434916,10335
48,0242,0.1277056277056277,7763
48,0245,0.07250996015936255,6616
48,0251,0.10067114093959731,11054
48,0252,0.08928571428571429,6630
48,0253,0.09531772575250837,9162
48,0259,0.13122923588039867,8133
48,0261,0.12238325281803543,9330
48,0271,0.07308970099667775,8333
48,0282,0.09233610341643583,7328
48,0301,0.14072847682119205,8870
48,0311,0.13126491646778043,9476
48,0321,0.11976047904191617,8467
48,0322,0.09926470588235294,8427
48,0331,0.06900878293601004,5747
48,0342,0.0803834808259587,7119
48,0352,0.10903083700440529,7651
48,0361,0.07948243992606285,9071
48,0381,0.05219985085756898,7311
48,0401,0.13379073756432247,10011
48,0421,0.1348314606741573,10993
48,0431,0.10547667342799188,9756
48,0461,0.11920529801324503,8765
48,0511,0.1509433962264151,9782
48,0521,0.20357142857142857,12123
48,0531,0.10397196261682243,7747
48,0541,0.12763320941759604,10285
48,0551,0.210896309314587,10518
48,0561,0.09009009009009009,9272
48,0571,0.11036539895600299,7363
48,0581,0.13174273858921162,8007
48,0601,0.0
48,0611,0.1675213675213675,10892
48,0621,0.08555399719495091,8313
48,0631,0.10164271047227925,9236
48,0641,0.07567567567567568,8894
48,0651,0.12290502793296089,10274
48,0661,0.13076697032030563,7384
48,0671,0.1021868787276342,7508
48,0681,0.11636363636363636,9395
48,0691,0.09118773946360154,7391
48,0701,0.1364256480218281,10691
48,0711,0.09523809523809523,9039
48,0721,0.12023121387283237,8573
48,0731,0.09182389937106918,7703
48,0741,0.17303370786516853,12018
48,0751,0.15658362989323843,10822
48,0771,0.07181719260065289,8526
48,0781,0.10047846889952153,11195
48,0791,0.09109311740890688,9339
48,0811,0.05555555555555555,8593
48,0821,0.07152875175315568,8417
48,0831,0.13109756097560976,9301
48,0841,0.05405405405405406,8762
48,0851,0.08957055214723926,8564
48,0861,0.12348178137651822,10225
48,0871,0.1713810316139767,9511
48,0881,0.12061068702290076,9762
48,0891,0.10862068965517241,9147
48,0901,0.15296803652968036,10314
48,0911,0.1649616368286445,9262
48,0921,0.09664209664209664,8039
48,0931,0.07142857142857142,7065
48,0941,0.10832383124287344,8355
48,0961,0.1513353115727003,9810
48,0971,0.13911845730027547,8260
48,0981,0.13307984790874525,10387
48,0991,0.1279683377308707,8924
48,1001,0.11905600563578725,7784
48,1011,0.1718555417185554,8718
48,1014,0.1261730969760167,9151
48,1021,0.08422664624808576,9083
48,1031,0.08575380359612725,7193
48,1041,0.14580645161290323,8157
48,1051,0.05695266272189349,7088
48,1061,0.09499575911789652,9474
48,1071,0.04809286898839138,7589
48,1081,0.15858453473132372,8918
48,1091,0.08493150684931507,7945
48,1111,0.0931615460852329,8111
48,1121,0.11320754716981132,8294
48,1133,0.08086469175340272,7084
48,1141,0.0776255707762557,9610
48,1151,0.111,7898
48,1171,0.08442503639010189,9534
48,1181,0.06624605678233439,9008
48,1191,0.08176795580110498,7553
48,1201,0.027972027972027972,7007
48,1221,0.21256931608133087,12119
48,1231,0.08534850640113797,9034
48,1241,0.10764587525150905,7848
48,1251,0.12286689419795221,9649
48,1261,0.07859733978234583,8754
48,1271,0.08755760368663594,8789
48,1281,0.13997879109225875,7251
48,1282,0.08723135271807839,8624
48,1291,0.08294930875576037,6990
48,1321,0.10541310541310542,11687
48,1331,0.07712765957446809,12294
48,1341,0.0846774193548387,9177
48,1351,0.08273381294964029,12696
48,1361,0.07838983050847458,10339
48,1371,0.11632270168855535,11152
48,1381,0.15478615071283094,8472
48,1391,0.13144590495449948,7419
48,1392,0.047372954349698536,6643
48,1401,0.10412926391382406,9595
48,1411,0.08137108792846498,7679
48,1421,0.1174934725848564,10134
48,1431,0.07142857142857142,9347
48,1441,0.16374269005847952,10523
48,1451,0.08545454545454545,9010
48,1461,0.19953596287703015,12461
48,1482,0.06957186544342507,6170
48,1491,0.10722100656455143,8689
48,1492,0.09027081243731194,7445
48,1501,0.1203883495145631,9015
48,1511,0.08823529411764706,7367
48,1521,0.10204687036487689,7370
48,1531,0.10025706940874037,9299
48,1541,0.2,10394
48,1542,0.12879484820607176,7495
48,1551,0.17088055797733218,8797
48,1553,0.06983511154219205,7917
48,1562,0.07578008915304606,7736
48,1571,0.13786764705882354,9575
48,1582,0.0985781990521327,7194
48,1591,0.13305898491083676,8912
48,1601,0.1594488188976378,12074
48,1611,0.15665236051502146,10389
48,1612,0.0735826296743064,7931
48,1621,0.10292397660818714,8425
48,1631,0.08369283865401209,7528
48,1632,0.06215554194733619,6869
48,1651,0.08370436331255565,7021
48,1662,0.06666666666666667,6264
48,1671,0.1689497716894977,8461
48,1681,0.12982744453574363,8118
48,1682,0.1278538812785388,8413
48,1702,0.0905109489051095,7312
48,1703,0.10492700729927007,7464
48,1731,0.09572901325478646,8541
48,1741,0.08442211055276382,8134
48,1751,0.12510288065843622,7908
48,1752,0.11140939597315436,9530
48,1762,0.06480061349693252,6636
48,1763,0.09188660801564028,8442
48,1771,0.11384217335058215,8826
48,1776,0.09110396570203644,7846
48,1791,0.08731241473396999,7766
48,1801,0.136074400391581,7623
48,1811,0.2028301886792453,15431
48,1821,0.08767123287671233,7129
48,1831,0.075,7440
48,1841,0.15412186379928317,14759
48,1851,0.07788944723618091
48,1852,0.08360128617363344,5446
48,1861,0.08820403825717323,7845
48,1871,0.0779436152570481,4959
48,1908,0.05184743742550656,6765
48,1911,0.11158493248045487,7461
48,1921,0.11968348170128586,7675
48,1931,0.0734006734006734,7672
48,1941,0.08547008547008547,7464
48,1951,0.07042253521126761,6517
48,1971,0.1256198347107438,10322
48,1991,0.05646036916395222,7234
48,5711,0.12365250475586556,8359
48,5841,0.09426987060998152,8723
48,5861,0.10747663551401869,12168
48,5871,0.12740384615384615,9331
48,7004,0.0,5915
49,0005,0.09961522017956391
49,0011,0.10054347826086957,7054
49,0040,0.11505791505791506,6980
49,0041,0.1568836712913554,7773
49,0042,0.11241446725317693,7667
49,0043,0.14205607476635515,7226
49,0061,0.15767045454545456,9457
49,0071,0.1425233644859813,8561
49,0081,0.12079448723145521,6728
49,0091,0.1566390041493776,7751
49,0101,0.1135005973715651,8970
49,0111,0.14314115308151093,6910
49,0201,0.12135036496350365,6771
49,0251,0.1610738255033557,6681
49,0271,0.233587786259542,8992
49,0272,0.15241379310344827,6486
49,0300,0.15007656967840735,8217
49,0301,0.1409090909090909,7204
49,0302,0.09358128374325135,6617
49,0311,0.1255639097744361,7043
49,0321,0.13109048723897912,7837
49,0341,0.1504491017964072,7456
49,0401,0.11608391608391608,8310
49,0501,0.1411530815109344,7401
49,0601,0.12030075187969924,7093
49,0701,0.11363636363636363,7475
49,0711,0.07380796864794252,7185
49,0801,0.13568521031207598,7999
49,0811,0.15345911949685534,8012
49,0821,0.11758584807492195,7594
49,0831,0.17128027681660898,9167
49,0841,0.12980769230769232,7384
49,0842,0.14320625610948193,7174
49,0851,0.17335473515248795,9124
49,0862,0.031067961165048542,7475
49,0901,0.20447284345047922,8669
49,0902,0.08974840405557642,6459
49,0904,0.1247086247086247,7717
49,0921,0.022292993630573247,7369
49,0922,0.10528942115768464,6705
49,0931,0.09674418604651162,7164
49,0933,0.13073852295409183,7089
49,0957,0.11871508379888268,8653
49,0958,0.15418994413407822,7485
49,0961,0.14952279957582185,7521
49,0962,0.0
49,7004,0.0,7300
49,9003,0.13095238095238096,9573
49,9020,0.0
49,9036,0.24242424242424243,15374
50,0011,0.23690773067331672,9045
50,0012,0.1549079754601227,9856
50,0021,0.18149210903873744,7566
50,0031,0.09768009768009768,7960
50,0051,0.09910913140311804,8476
50,0061,0.1543340380549683,7832
50,0071,0.10215053763440861,9092
50,0081,0.11659764256132527,8415
50,0101,0.31710709318497915,10797
50,0111,0.1313969571230982,8270
50,0121,0.22807017543859648,8607
50,0131,0.1371308016877637,8153
50,0141,0.13297872340425532,12356
50,0151,0.02451288497800126,8210
50,0191,0.11799410029498525,11839
50,0201,0.1802030456852792,9803
50,0211,0.18906605922551253,11099
50,0271,0.11052631578947368,10461
50,0281,0.15284715284715283,8409
50,0291,0.10403120936280884,10773
50,0311,0.16573556797020483,8467
50,0341,0.2046783625730994,11629
50,0351,0.17900172117039587,10217
50,0361,0.11869918699186992,9881
50,0395,0.026772793053545588,8542
50,0421,0.09921671018276762,10609
50,0481,0.15289765721331688,9577
50,0531,0.22980251346499103,11969
50,0541,0.21843003412969283,8092
50,0561,0.16112084063047286,11782
50,0572,0.15807560137457044,9966
50,0581,0.14483319772172498,7683
50,0591,0.2677878395860285,10957
50,0601,0.09918845807033363,8532
50,0611,0.15825977301387137,7460
50,0621,0.1967821782178218,10819
50,0631,0.14453125,10238
50,0651,0.13711583924349882,9549
50,0661,0.1319052987598647,8262
50,0671,0.10947712418300654,9058
50,0681,0.153954802259887,9903
50,0691,0.161210111893908,8589
50,0741,0.11565420560747663,9961
50,0751,0.33463796477495106,12574
50,0761,0.2693156732891832,9532
50,0771,0.23917995444191345,9454
50,0781,0.1649746192893401,9975
50,0791,0.1684981684981685,9974
50,0821,0.1410459587955626,8867
50,0831,0.13051823416506717,11650
50,0842,0.3194444444444444,45682
50,0862,0.1046461137646548,7896
50,0871,0.12735849056603774,10314
50,0881,0.10714285714285714,9739
50,0911,0.1791767554479419,12288
50,0931,0.24815983175604628,9390
50,0951,0.1352112676056338,10449
50,0961,0.10802012429712933,7550
50,1101,0.13973799126637554,11381
50,1232,0.22481751824817517,10814
50,1241,0.21288515406162464,13563
50,1251,0.1386861313868613,11943
50,1321,0.12367491166077739,13270
50,1361,0.12507106310403637,7319
50,1371,0.1699561403508772,7977
50,1391,0.1691948658109685,8836
50,1401,0.10509031198686371,9990
50,1411,0.1386861313868613,10256
50,1421,0.18315508021390375,9656
50,1441,0.16115702479338842,9546
50,1451,0.1308411214953271,8006
50,1491,0.16418875242404654,7841
50,1531,0.1300745650372825,9285
50,1541,0.3988439306358382,14977
50,1581,0.19224683544303797,9641
50,1611,0.1406679764243615,7019
50,1651,0.14407814407814407,8824
50,1661,0.08984725965858041,7470
50,1671,0.23978494623655913,9243
50,1681,0.09270455461507457,7626
50,1691,0.18829516539440203,9087
50,1701,0.15367316341829085,7809
50,1711,0.3904282115869018,10828
50,1731,0.15261324041811847,8134
50,1741,0.10760869565217392,7864
50,1751,0.1417910447761194,7540
50,1761,0.1475195822454308,8694
50,1771,0.23085714285714284,12754
50,1781,0.1645021645021645,8326
50,1811,0.23894862604540024,9618
50,1821,0.16311080523055746,8047
50,1831,0.25878594249201275,13919
50,1851,0.17173822426010837,8857
50,1861,0.1546875,9969
50,1871,0.1402061855670103,9282
50,1891,0.23641851106639838,10298
50,1901,0.3203252032520325,11099
50,1911,0.12335958005249344,7815
50,1921,0.1476261127596439,7478
50,1931,0.1325811001410437,8948
50,1941,0.1277056277056277,9425
50,1951,0.11335012594458438,8334
50,1961,0.22514285714285714,9421
50,1971,0.22627182991647685,8257
50,1981,0.22279129321382843,9144
50,1991,0.11473183978275628,7446
50,2001,0.13029421273844163,7810
50,2011,0.1936444885799404,8364
50,2031,0.1603864734299517,8878
50,2041,0.16576964477933262,8917
50,2051,0.19298245614035087,9278
50,2071,0.1356382978723404,8083
50,2081,0.11322751322751323,8313
50,2091,0.11919504643962849,8303
50,2101,0.13924050632911392,9728
50,2121,0.18331226295828065,9270
50,2131,0.19862424763542563,7959
50,2141,0.21361058601134217,10398
50,2151,0.14615907545887152,7880
50,2161,0.21630804077010193,9221
50,2181,0.13339466421343146,7736
50,2191,0.12074303405572756,8202
50,2201,0.15451014242555028,8081
50,2241,0.16853035143769968,8309
50,2301,0.19707317073170733,10519
50,2331,0.1655112651646447,8692
50,2351,0.2436548223350254,11602
50,2361,0.18158730158730158,9484
50,2371,0.2236503856041131,14265
50,2401,0.16194331983805668,10794
50,2421,0.18433179723502305,9183
50,2431,0.11995386389850057,10156
50,2451,0.16652136006974716,7856
50,2461,0.14060356652949246,7658
50,2491,0.14423076923076922,10257
50,2511,0.03041274438812455,7840
50,2541,0.13378378378378378,8676
50,2551,0.16333333333333333,9015
50,2561,0.12513144058885384,8125
50,2571,0.11124845488257108,8831
50,2581,0.19188921859545005,8373
50,2591,0.15772870662460567,10704
50,2611,0.14205607476635515,8372
50,2621,0.11103047895500726,7392
50,2631,0.11973898858075041,7434
50,2671,0.17835178351783518,9577
50,2691,0.17640807651434645,8333
50,2701,0.21244635193133046,8555
50,2711,0.08942457231726283,7558
50,2721,0.18495297805642633,8922
50,2731,0.13135593220338984,9904
50,2741,0.17385057471264367,9503
50,2751,0.22736418511066397,11329
50,2761,0.13970588235294118,8641
50,2781,0.17166979362101314,8025
50,2811,0.19285714285714287,10677
50,2821,0.16576819407008087,8811
50,2861,0.1894273127753304,10090
50,3002,0.0
50,3010,0.0,7550
50,3024,0.2564102564102564
50,3039,0.0,14250
50,3251,0.09246729815065403,8008
50,3261,0.22924411400247832,10192
50,3341,0.149032992036405,9409
50,3351,0.1701388888888889,9611
50,3354,0.30434782608695654
50,3355,0.28125,24437
50,3361,0.16529680365296803,8165
50,3371,0.19296875,7817
50,3861,0.1633211678832117,8210
50,7004,0.0,8389
51,0021,0.1411764705882353,8562
51,0031,0.140893470790378,6557
51,0032,0.13709677419354838,7132
51,0057,0.12261753494282084,6390
51,0059,0.1587708066581306,7135
51,0060,0.24754098360655738,8096
51,0061,0.18213058419243985,9797
51,0063,0.159804605722261,7312
51,0065,0.1717171717171717,8888
51,0069,0.18181818181818182,7566
51,0070,0.22965116279069767,8429
51,0071,0.16065192083818394,6986
51,0072,0.18995633187772926,9866
51,0073,0.10638297872340426,6791
51,0074,0.24563953488372092,8334
51,0082,0.17212121212121212,8081
51,0083,0.20998531571218795,8165
51,0084,0.15312916111850866,6622
51,0085,0.16876971608832808,7570
51,0086,0.12370466321243523,6450
51,0089,0.18856569709127383,6882
51,0090,0.13243243243243244,5843
51,0091,0.1971995332555426,8213
51,0092,0.17427884615384615,7468
51,0093,0.2353870458135861,8622
51,0100,0.1471790678659035,6499
51,0101,0.09154228855721393,5889
51,0102,0.19919110212335692,7058
51,0103,0.17701453104359313,7623
51,0110,0.1367741935483871,6992
51,0112,0.17045454545454544,8713
51,0113,0.13935810810810811,6920
51,0114,0.1474758933635848,7415
51,0117,0.13646788990825687,7556
51,0119,0.12469135802469136,6740
51,0120,0.1512770137524558,8121
51,0121,0.22018348623853212,8530
51,0122,0.14175654853620956,6548
51,0123,0.10248901903367497,5459
51,0125,0.1419753086419753,6878
51,0128,0.20817843866171004
51,0131,0.16993906567366282,6844
51,0132,0.14861751152073732,7977
51,0201,0.19001085776330076,7176
51,0211,0.2356902356902357,9753
51,0242,0.22764227642276422,38021
51,0251,0.18075801749271136,7841
51,0261,0.2359081419624217,7585
51,0271,0.2717872968980798,10206
51,0301,0.12908777969018934,8151
51,0311,0.29635258358662614,9223
51,0321,0.1536050156739812,11428
51,0331,0.20179372197309417,7878
51,0341,0.27247191011235955,9023
51,0342,0.18369829683698297,7513
51,0351,0.17173524150268335,9785
51,0401,0.29936305732484075,10053
51,0411,0.22125813449023862,9399
51,0421,0.21912350597609562,9586
51,0451,0.18059701492537314,7705
51,0461,0.12878787878787878,7250
51,0471,0.12082574377656345,6582
51,0472,0.17527519051651144,7445
51,0501,0.2630718954248366,9560
51,0521,0.2038327526132404,7310
51,0701,0.1731301939058172,8082
51,0801,0.08586956521739131,6436
51,0901,0.16546762589928057,7849
51,0902,0.21043478260869566,8404
51,0911,0.13246753246753246,8709
51,0921,0.14095238095238094,6730
51,0932,0.17543859649122806,8196
51,0941,0.21487603305785125,9289
51,0951,0.18694362017804153,7741
51,0961,0.18760469011725292,7897
51,2061,0.11586452762923351,7888
51,2071,0.16253869969040247,8286
51,2081,0.1607669616519174,8546
51,2091,0.18489583333333334,8156
51,2101,0.0
51,5242,0.0,7002
51,7004,0.046948356807511735,6558
51,7023,0.0,17975
51,7071,0.25,28720
52,0051,0.2113289760348584,9927
52,0111,0.21510673234811165,10604
52,0121,0.16248506571087215,8937
52,0131,0.2157258064516129,10002
52,0141,0.09192546583850932,8028
52,0151,0.11443433029908973,9824
52,0161,0.07202680067001675,8490
52,0171,0.14436958614051973,7386
52,0231,0.07727975270479134,7445
52,0251,0.16587677725118483,16432
52,0271,0.16714697406340057,10627
52,0321,0.17372262773722627,9116
52,0371,0.18478260869565216,11176
52,0391,0.17208413001912046,10423
52,0431,0.08932714617169374,7781
52,0441,0.138801261829653,9250
52,0481,0.23176661264181522,14011
52,0531,0.11468970934799685,6725
52,0711,0.10344827586206896,6393
52,0731,0.025,6568
52,0751,0.10829741379310345,6624
52,0811,0.23093681917211328,13094
52,0851,0.18832116788321168,10026
52,0981,0.14545454545454545,15255
52,0991,0.16248348745046234,8295
52,1031,0.11367380560131796,7292
52,1071,0.23684210526315788,11311
52,1081,0.13106060606060607,7368
52,1091,0.1396484375,7731
52,1131,0.14574314574314573,9817
52,1211,0.19469026548672566,13352
52,1261,0.17719298245614035,10412
52,1281,0.11071107110711072,6865
52,1331,0.16862745098039217,11047
52,1341,0.1706924315619968,9918
52,1361,0.29724770642201837,10343
52,1421,0.17477203647416414,8910
52,1471,0.16521739130434782,11363
52,1481,0.14563106796116504,8725
52,1531,0.16048317515099222,10225
52,1691,0.13841368584758942,10906
52,1781,0.136986301369863,9027
52,1811,0.20268256333830104,12040
52,1821,0.15625,9212
52,1961,0.08985507246376812,8175
52,2021,0.16886543535620052,13587
52,2031,0.07608695652173914,8068
52,2081,0.08274111675126904,6266
52,2141,0.1130820399113082,11196
52,2151,0.33268101761252444,11087
52,2261,0.07976794778825236,6682
52,2281,0.18762088974854932,12818
52,2301,0.23511450381679388,10576
52,2321,0.18563432835820895,7428
52,2371,0.1715686274509804,12510
52,2381,0.05228758169934641
52,2431,0.13804713804713806,10847
52,2441,0.0,9079
52,2531,0.19621749408983452,11152
52,2641,0.09860859044162129,6742
52,2691,0.2479108635097493,11385
52,2791,0.22037037037037038,10027
52,2821,0.13565891472868216,20598
52,2861,0.12598425196850394,7202
52,2921,0.19203413940256045,8726
52,2961,0.15833333333333333,9585
52,3021,0.16976127320954906,8667
52,3031,0.07159487776484284,6381
52,3041,0.17729908864954433,6984
52,3071,0.15945611866501855,8421
52,3131,0.06554307116104868,7999
52,3191,0.09315286624203821,6815
52,3281,0.07112068965517242,7871
52,3361,0.18729641693811075,9049
52,3371,0.10982658959537572
52,3391,0.1310592459605027,9093
52,3411,0.14116652578191038,7191
52,3421,0.08879919273461151,6623
52,3431,0.1891156462585034,8913
52,3461,0.20610687022900764,11680
52,3511,0.08448753462603878,8284
52,3731,0.16017316017316016,9545
52,3741,0.1135407905803196,6208
52,3751,0.19769357495881384,9298
52,3761,0.09075043630017451,9324
52,3781,0.0539440203562341,6844
52,3851,0.258160237388724,13382
52,3871,0.1791907514450867,12874
52,3911,0.2206405693950178,9284
52,3921,0.09725158562367865,6761
52,3931,0.11924119241192412,7131
52,3961,0.24855491329479767,11320
52,4021,0.18238993710691823,8964
52,4061,0.0968586387434555,9583
52,4121,0.15210355987055016,10319
52,4171,0.16031746031746033,8903
52,4331,0.12893553223388307,8078
52,4351,0.12950819672131147,8311
52,4381,0.12030075187969924,8659
52,4491,0.17092651757188498,9698
52,4521,0.07630813953488372,6991
52,4581,0.09641532756489493,6989
52,4591,0.17574931880108993,9813
52,4611,0.10201912858660998,7764
52,4631,0.10106382978723404,6724
52,4661,0.08088235294117647,9216
52,4681,0.04409448818897638,5833
52,4701,0.1824175824175824,10154
52,4771,0.11844331641285956,8164
52,4931,0.22093023255813954,11121
52,6181,0.0774395702775291,6375
52,6251,0.13090909090909092,9443
52,6261,0.13676286072772897,8433
52,6271,0.10477657935285054,8267
52,6281,0.17410714285714285,9517
52,6311,0.10179640718562874,8134
52,6361,0.21393034825870647,13066
52,6371,0.11272727272727273,12960
52,6391,0.035443037974683546,6418
52,7004,0.0,6251
52,7051,0.0,16456
52,7071,0.16964285714285715,11962
52,7073,0.0,8980
52,8028,0.0,10136
52,8034,0.0
53,0031,0.09358669833729216,7320
53,0043,0.03543913713405239,7751
53,0051,0.23566084788029926,8507
53,0061,0.17782909930715934,9303
53,0081,0.13385826771653545,8387
53,0091,0.15764331210191082,9116
53,0101,0.21212121212121213,9928
53,0131,0.12009237875288684,9218
53,0151,0.14244604316546763,8077
53,0181,0.13876967095851217,9840
53,0191,0.13,8342
53,0201,0.19027777777777777,9207
53,0231,0.178743961352657,10065
53,0251,0.05303030303030303,7666
53,0261,0.05224787363304982,7847
53,0311,0.048582995951417005,7910
53,0321,0.15,7967
53,0331,0.118508655126498,8970
53,0341,0.10649087221095335,8003
53,0361,0.12037037037037036,7807
53,0391,0.045454545454545456,8595
53,0401,0.05704407951598963,7882
53,0421,0.0
53,0481,0.09404659188955997,5924
53,0491,0.15955983493810177,8298
53,0531,0.033807829181494664,7938
53,0571,0.1522911051212938,9256
53,0591,0.1626733921815889,8015
53,0601,0.16833095577746077,8766
53,0611,0.12195121951219512,8906
53,0621,0.0673076923076923,8413
53,0631,0.16052060737527116,9242
53,0651,0.10044977511244378,8010
53,0681,0.11208791208791209,9052
53,0711,0.03826955074875208,7013
53,0712,0.0407055630936228,7614
53,0791,0.14947089947089948,10563
53,0802,0.13098591549295774,9036
53,0811,0.11608222490931076,7172
53,0821,0.1733212341197822,7169
53,0841,0.16143497757847533,7866
53,0851,0.11138014527845036,8551
53,0861,0.13405238828967642,8351
53,0881,0.1482213438735178,8516
53,0901,0.10866695996480423,7216
53,0916,0.0
53,0921,0.19391634980988592,9716
53,0931,0.19865319865319866,8300
53,0933,0.17133163698049195,8808
53,0937,0.09251101321585903,5818
53,0941,0.05,8370
53,0961,0.22841726618705036,9896
53,0971,0.0,8563
53,1032,0.1503957783641161,6628
53,1041,0.08743169398907104,9224
53,1051,0.16315307057745188,7617
53,1061,0.15492957746478872,9877
53,1131,0.14668901927912825,8031
53,1141,0.18163672654690619,10624
53,1151,0.12244897959183673,8689
53,1161,0.15986099044309296,6983
53,1181,0.14285714285714285,7422
53,1191,0.20465116279069767,10633
53,1221,0.1417910447761194,8390
53,1231,0.1619047619047619,9967
53,1241,0.14067278287461774,8675
53,1251,0.05755395683453238,8527
53,1271,0.14741035856573706,8434
53,1281,0.13450292397660818,7818
53,1291,0.12149532710280374,9771
53,1341,0.16666666666666666,7822
53,1362,0.13241678726483358,8303
53,1371,0.17337461300309598,9505
53,1451,0.16145833333333334,9815
53,1491,0.16489361702127658,13403
53,1501,0.1781115879828326,7257
53,1521,0.22526315789473683,11428
53,1591,0.19480519480519481,13343
53,1611,0.16333333333333333,8230
53,1662,0.12386156648451731,11446
53,1681,0.14402810304449648,8579
53,1691,0.22857142857142856,23543
53,1701,0.1545138888888889,8741
53,1702,0.13064516129032258,9407
53,1711,0.10546875,8641
53,1731,0.12347560975609756,8550
53,1751,0.22769953051643194,10128
53,1761,0.15687789799072643,6842
53,1762,0.11441144114411442,6441
53,1771,0.13536776212832552,6488
53,1781,0.09627329192546584,9486
53,1791,0.09322709163346614,6994
53,1801,0.14715719063545152,8812
53,1811,0.17569786535303777,8453
53,1821,0.14097968936678615,7350
53,1831,0.17684887459807075,6809
53,1841,0.11050477489768076,8256
53,1851,0.20375,9090
53,1861,0.06198347107438017,7812
53,1881,0.1172069825436409,6944
53,1891,0.08796895213454076,8081
53,1901,0.1828358208955224,9550
53,1908,0.14718019257221457,8394
53,1921,0.19168591224018475,9187
53,1931,0.10645724258289703,6860
53,1941,0.1441543700340522,8266
53,1971,0.15318744053282587,6475
53,1981,0.048143053645116916,7550
53,1991,0.123841059602649,7437
53,2001,0.0
53,7023,0.06282722513089005
53,9221,0.0
53,9225,0.18333333333333332,5939
53,9228,0.30303030303030304
54,0041,0.2144638403990025,8885
54,0091,0.2515923566878981,10448
54,0101,0.21940928270042195,7884
54,0112,0.19690576652601968,8748
54,0113,0.2577639751552795,8321
54,0121,0.21707317073170732,9406
54,0125,0.0,6468
54,0151,0.13859910581222057,7287
54,0171,0.2741020793950851,8869
54,0201,0.20220588235294118,7977
54,0211,0.250386398763524,8068
54,0231,0.177007299270073,7556
54,0251,0.19250253292806485,7722
54,0261,0.12714776632302405,9781
54,0301,0.13200723327305605,8337
54,0341,0.25806451612903225,9573
54,0351,0.28305400372439476,8510
54,7004,0.0,416
55,0021,0.25,8621
55,0033,0.6996587030716723,14380
55,0091,0.22950819672131148,9872
55,0161,0.15756630265210608,8220
55,0171,0.2,7077
55,0181,0.17091114883984154,7047
55,0201,0.29704797047970477,11459
55,0241,0.13429752066115702,7420
55,0251,0.08866057838660578,6274
55,0261,0.19236883942766295,7816
55,0301,0.21320495185694635,8244
55,0311,0.10325203252032521,6120
55,0321,0.14623000761614624,6117
55,0331,0.2437417654808959,8804
55,0341,0.13691683569979715,7769
55,0351,0.16356513222331048,8653
55,0361,0.1921921921921922,8748
55,0371,0.20546448087431693,7319
55,0381,0.27692307692307694,7893
55,0391,0.224105461393597,7466
55,0401,0.16289592760180996,7368
55,0411,0.10577644411102775,6192
55,0441,0.1547029702970297,7602
55,0451,0.16884422110552763,7817
55,0461,0.27111111111111114,9699
55,0471,0.10657439446366782,6663
55,0472,0.09484924623115577,6677
55,0481,0.15217391304347827,6389
55,0482,0.15598885793871867,8241
55,0491,0.12460815047021943,6383
55,0492,0.08480176211453745,7164
55,0493,0.10268840899074483,6739
55,0501,0.15546218487394958,7967
55,0502,0.13086770981507823,6842
55,0511,0.166073546856465,7223
55,0521,0.17510853835021709,7517
55,0531,0.11209439528023599
55,0541,0.15301391035548687
55,7004,0.0,5259
55,7023,0.0,4395
56,0031,0.10238907849829351,7856
56,0040,0.11142061281337047,8480
56,0041,0.12944983818770225,8242
56,0051,0.09422492401215805,9660
56,0061,0.176056338028169,8269
56,0071,0.19166666666666668,8452
56,0072,0.16178194607268465,9953
56,0081,0.12603648424543948,8709
56,0091,0.17531305903398928,8964
56,0111,0.17418351477449456,9163
56,0121,0.04927536231884058,6727
56,0131,0.12964366944655042,7914
56,0141,0.15684410646387834,7760
56,0151,0.16283524904214558,7915
56,0161,0.10415065334358185,6350
56,0162,0.09929078014184398,8829
56,0201,0.10684002261164499,7717
56,0205,0.3724696356275304,20089
56,0212,0.08013937282229965,5806
56,0221,0.12736660929432014,8950
56,0231,0.12568306010928962,8455
56,0241,0.10476190476190476,7506
56,0251,0.1674565560821485,8112
56,0261,0.19470538001707943,9339
56,0271,0.11425339366515837,7089
56,0281,0.13427561837455831,7309
56,0301,0.12941847206385404,8001
56,0311,0.19324577861163228,9382
56,0331,0.15936739659367397,8460
56,0341,0.1593984962406015,8033
56,0351,0.13552361396303902,7483
56,0361,0.14918759231905465,7758
56,0371,0.11264367816091954,8814
56,0381,0.1109350237717908,8549
56,0391,0.11875693673695893,7385
56,0401,0.14388202471104025,7366
56,0411,0.11583421891604676,6372
56,0421,0.1282442748091603,7978
56,5003,0.0
56,5005,0.0
56,5031,0.0,5895
56,7004,0.0,7237
56,7023,0.0,589
57,0021,0.1505922165820643,10196
57,0041,0.16863207547169812,8443
57,0051,0.18693693693693694,11081
57,0061,0.1416184971098266,10128
57,0071,0.22065063649222066,9597
57,0101,0.14056224899598393,7735
57,0102,0.08375378405650857,5788
57,0103,0.07730535615681944,6085
57,0141,0.1447661469933185,10547
57,0142,0.14035087719298245,8529
57,0151,0.15544871794871795,6426
57,0152,0.23529411764705882,7208
57,0171,0.14251207729468598,8020
57,0182,0.09233891425672247,5903
57,0191,0.24857468643101482,9247
57,0231,0.20135135135135135,6316
57,0261,0.18654434250764526,7951
57,0271,0.15065502183406113,7154
57,0272,0.14228052472250252,6094
57,0281,0.1489841986455982,8550
57,0301,0.1519302615193026,8431
57,0302,0.13104325699745548,6624
57,0311,0.14428412874583796,8146
57,0312,0.21362586605080833,9557
57,0331,0.1480225988700565,7427
57,0332,0.10922787193973635,5917
57,0341,0.14748953974895398,8042
57,0342,0.17051153460381144,7528
57,0351,0.09398007795582504,5511
57,0361,0.09581395348837209,5372
57,7004,0.0,6646
58,0012,0.21467889908256882,11691
58,0021,0.01922077922077922,9303
58,0031,0.10209003215434084,9074
58,0051,0.1330532212885154,8612
58,0071,0.12581699346405228,8949
58,0084,0.24099378881987576,11969
58,0085,0.17976653696498054,10105
58,0101,0.2931297709923664,13156
58,0111,0.2370860927152318,11106
58,0121,0.1649659863945578,10182
58,0131,0.21912350597609562,12547
58,0141,0.17366946778711484,11024
58,0171,0.15335868187579213,9705
58,0181,0.10897927858787414,8517
58,0191,0.11796982167352538,9791
58,0201,0.18892045454545456,11244
58,0211,0.2,11672
58,0221,0.10768543342269883,8612
58,0261,0.22115384615384615,11661
58,0271,0.23347398030942335,11585
58,0291,0.30919765166340507,13356
58,0301,0.14528301886792452,9085
58,0381,0.19478260869565217,10469
58,0451,0.15051020408163265,10874
58,0461,0.26571428571428574,11270
58,0471,0.12687813021702837,10257
58,0491,0.1548731642189586,9640
58,0501,0.24821428571428572,12293
58,1211,0.17612193056731584,11191
58,1231,0.17810026385224276,9046
58,1241,0.1593984962406015,9927
58,1251,0.14091102596849722,8544
58,1261,0.17960602549246812,9691
58,1271,0.19823788546255505,11081
58,1282,0.18507462686567164,10859
58,1291,0.15392781316348195,8083
58,1341,0.2207943925233645,11135
58,1391,0.047787610619469026,7940
59,0021,0.2482566248256625,8738
59,0031,0.14907407407407408,7317
59,0041,0.1125158027812895,8332
59,0051,0.1847457627118644,8277
59,0071,0.13177762525737818,6883
59,0081,0.18201754385964913,7732
59,0091,0.14502529510961215,8401
59,0101,0.15494880546075085,6149
59,0111,0.14814814814814814,7352
59,0121,0.21839080459770116,9926
59,0131,0.14081145584725538,7845
59,0141,0.22714681440443213,9550
59,0151,0.14285714285714285,6553
59,0171,0.11125654450261781,7070
59,0181,0.1054287962234461,6835
59,0182,0.16839378238341968,6863
59,0201,0.15411255411255412,7630
59,0202,0.15702479338842976,7892
59,0231,0.10355329949238579,7351
59,0251,0.09197080291970802,8764
59,0271,0.1275395033860045,7356
59,0291,0.13229018492176386,5984
59,0301,0.17991169977924945,8066
59,0331,0.15726495726495726,8575
59,0361,0.16452442159383032,8014
59,0391,0.17038216560509553,8615
59,0401,0.16170212765957448,7875
59,0421,0.11952998379254456,6849
59,0431,0.1503630926954293,7691
59,0441,0.161,7190
59,0491,0.10833953834698436,6820
59,0501,0.13193943763518384,6322
59,0502,0.15252293577981652,7905
59,0511,0.14302461899179367,7514
59,0521,0.183206106870229,9757
59,0531,0.13850063532401524,7827
59,0541,0.13382218148487626,6549
59,0551,0.12034126627750337,6545
59,0561,0.16713483146067415,8485
59,0571,0.34177215189873417,26072
59,0581,0.13522355507088332,7706
59,0591,0.15091863517060367,8111
59,0601,0.14225941422594143,8519
59,0611,0.15114873035066506,8159
59,0621,0.13043478260869565,7227
59,0651,0.13975903614457832,7435
59,0661,0.1088646967340591,7965
59,0671,0.21347150259067357,7849
59,0681,0.14782608695652175,7994
59,0691,0.07319952774498228,7142
59,0701,0.15546218487394958,7905
59,0711,0.13942307692307693,5923
59,0721,0.13701741105223317,6776
59,0731,0.13303571428571428,6865
59,0801,0.18056918547595682,7474
59,0811,0.1883289124668435,9462
59,0821,0.17838541666666666,8151
59,0911,0.13647520864015708,7989
59,0931,0.09391808026479107,7003
59,7004,0.0,8711
59,9224,0.0,78760
60,0031,0.21796565389696168,8872
60,0042,0.17960602549246812,8288
60,0051,0.14045801526717558,8853
60,0102,0.22074788902291917,9656
60,0161,0.17900403768506057,10353
60,0171,0.16316793893129772,8838
60,0181,0.17736486486486486,8997
61,0011,0.17611580217129072,8276
61,0042,0.14347202295552366,6764
61,0043,0.10606060606060606,8228
61,0051,0.1381957773512476,7048
61,0060,0.1545827633378933,7905
61,0089,0.1634182908545727,7594
61,0091,0.17280453257790368,7605
61,7023,0.0,7994
61,9003,0.0,5267
62,0031,0.1592128801431127,7265
62,0041,0.20815752461322082,7813
62,0111,0.18181818181818182,14792
62,0141,0.19230769230769232,7775
62,0161,0.11072664359861592,8118
62,8002,0.18840579710144928
63,0021,0.1567291311754685,9645
63,0022,0.1896551724137931,7088
63,0031,0.19713993871297242,8252
63,2021,0.0
64,0621,0.18584070796460178,9900
64,0734,0.13454075032341525,8175
64,0745,0.22340425531914893,8776
64,0761,0.19225806451612903,7735
64,0821,0.15558698727015557,7431
64,0949,0.1725,8207
64,1114,0.11627906976744186,8117
64,1237,0.08641975308641975,9354
64,1453,0.15204460966542752,6830
64,1491,0.2237871674491393,9094
64,1531,0.21119592875318066,7174
64,1551,0.16028263294905168,6450
64,1631,0.1970074812967581,11507
64,1702,0.21225194132873165,7764
64,1811,0.258732212160414,9007
64,1931,0.20689655172413793,8678
64,2021,0.16500994035785288,7687
64,2451,0.1859375,9065
64,2721,0.1577490774907749,9204
64,2734,0.24444444444444444,9353
64,3234,0.15242494226327943,7636
64,3251,0.12286689419795221,8623
64,3431,0.1588477366255144,6792
64,3436,0.17807486631016042,7273
64,3451,0.19576059850374064,8092
64,3631,0.2058287795992714,7910
64,3651,0.20163934426229507,8174
64,3697,0.26666666666666666,9863
64,3839,0.15455475946775846,6875
64,3931,0.19338422391857507,7014
64,4131,0.17594254937163376,7463
64,4235,0.17370892018779344,7092
64,4334,0.11330049261083744,9285
64,4436,0.11920529801324503,6632
64,4531,0.2403282532239156,8173
64,4621,0.20839580209895053,8730
64,4634,0.15517241379310345,7305
64,4831,0.13594040968342644,9632
64,4934,0.0784313725490196,7786
64,4941,0.17049666419570053,8248
64,4951,0.11403508771929824,7835
64,5037,0.20095693779904306,8902
64,5836,0.13256658595641646,7156
64,6144,0.13909774436090225,9459
64,6234,0.13434579439252337,7544
64,6343,0.23754789272030652,7351
64,6441,0.19664268585131894,10642
64,6633,0.17580504786771106,8080
64,6751,0.19039735099337748,8302
64,6761,0.19542994588093807,7057
64,6781,0.14030612244897958,6846
64,6791,0.1826086956521739,6764
64,6841,0.21183206106870228,8503
64,6851,0.15654205607476634,9166
64,6871,0.19047619047619047,8213
64,6881,0.18318840579710144,7108
64,7004,0.0
64,7741,0.200796812749004,6646
64,7751,0.19558359621451105,8481
64,7761,0.15151515151515152,6784
64,7771,0.21272727272727274,6957
64,7781,0.17204301075268819,7380
64,7791,0.13975694444444445,6572
64,7831,0.17490118577075098,7077
64,7871,0.20923520923520925,8220
64,7881,0.20113314447592068,8032
64,7921,0.09102244389027432,6835
64,7931,0.24915254237288137,8278
64,7981,0.16877637130801687,7384
64,9808,0.0,6988
64,9892,0.0
65,0011,0.26021505376344084,7883
65,0012,0.17032967032967034,7656
65,0015,0.1580135440180587,7631
65,0031,0.16579406631762653,7439
65,0071,0.138255033557047,7150
65,0081,0.15873015873015872,7316
65,0091,0.18729096989966554,7119
66,0061,0.12198581560283688,8503
66,0101,0.12468827930174564,8817
66,0141,0.0811965811965812,9473
66,0146,0.12072072072072072,8267
66,0151,0.12235067437379576,7578
66,0152,0.08375378405650857,6285
66,0153,0.06169965075669383,8098
66,0154,0.0859375,7476
66,0201,0.13636363636363635,9511
66,0261,0.17798594847775176,7440
66,0271,0.09249329758713137,9030
66,0281,0.18933823529411764,10755
66,0282,0.3237410071942446,16300
66,0291,0.13333333333333333,8582
67,0021,0.15671641791044777,8109
67,0041,0.1837160751565762,7252
67,0051,0.1506849315068493,8383
67,0052,0.20132013201320131,8574
67,0101,0.17062634989200864,7315
67,0151,0.2520193861066236,8523
