District,School,prop
01,0031,0.12372634643377002
01,0041,0.14471243042671614
01,0052,0.6385542168674698
01,0071,0.16666666666666666
01,0081,0.8674698795180723
01,0091,0.17422096317280453
01,0101,0.23333333333333334
01,0111,0.07381370826010544
01,0112,0.08964451313755796
01,0121,0.11560693641618497
01,0141,0.15279048490393413
01,0151,0.10911016949152542
01,0161,0.18562874251497005
01,0171,0.09908256880733946
01,0201,0.2033898305084746
01,0221,0.1184573002754821
01,0261,0.12863705972434916
01,0271,0.10313075506445672
01,0281,0.1780821917808219
01,0311,0.14336917562724014
01,0321,0.14264919941775836
01,0331,0.10121457489878542
01,0341,0.22530864197530864
01,0411,0.15151515151515152
01,0421,0.13151927437641722
01,0431,0.09361329833770779
01,0461,0.1297071129707113
01,0481,0.13411078717201166
01,0482,0.12355212355212356
01,0501,0.07643312101910828
01,0502,0.12026515151515152
01,0510,0.10440251572327044
01,0520,0.09615384615384616
01,0531,0.17061611374407584
01,0541,0.1572052401746725
01,0561,0.12303664921465969
01,0571,0.17592592592592593
01,0591,0.11234705228031146
01,0604,0.21568627450980393
01,0950,0.06363636363636363
01,0951,0.06132075471698113
01,0955,0.6851851851851852
01,0961,0.14285714285714285
01,0991,0.13903743315508021
01,1003,0.21212121212121213
01,1012,0.0880503144654088
01,1013,0.12941176470588237
02,0012,0.1003610108303249
02,0013,0.14189189189189189
02,0022,0.16545454545454547
02,0031,0.16384915474642392
02,0032,0.11046025104602511
02,0091,0.1704745166959578
03,0061,0.14881439084219134
03,0071,0.23753280839895013
03,0081,0.172859450726979
03,0091,0.3181818181818182
03,0101,0.1651705565529623
03,0111,0.17272727272727273
03,0131,0.31625835189309576
03,0141,0.22931785195936139
03,0151,0.16847826086956522
03,0161,0.24731182795698925
03,0171,0.20516499282639886
03,0191,0.19207317073170732
03,0201,0.15364238410596026
03,0211,0.21755027422303475
03,0221,0.1848341232227488
03,0241,1.0
03,0251,0.22839506172839505
03,0262,0.17777777777777778
03,0281,1.0
03,0331,0.14858705560619873
03,0341,0.1553784860557769
03,0461,0.24592391304347827
03,0471,0.16139767054908485
03,0491,0.097669256381798
03,0501,0.16417910447761194
03,0511,0.1710914454277286
03,0521,0.19002695417789758
03,0531,0.9787234042553191
03,0541,0.22924901185770752
03,0551,0.13679808841099164
03,0571,0.19072615923009623
03,0581,0.16666666666666666
03,0591,0.21978021978021978
03,0701,0.11328125
03,0711,0.05387931034482758
03,0731,0.09923664122137404
03,0741,0.05194805194805195
03,0751,0.11637931034482758
03,0771,0.17464788732394365
03,0782,0.17676767676767677
03,0801,0.112
03,2701,0.057971014492753624
03,2711,0.10889570552147239
04,0021,0.18424396442185514
04,0051,0.25426944971537
04,0081,0.2574430823117338
04,0131,0.3108108108108108
04,0161,0.2619047619047619
04,0172,0.22488755622188905
04,0181,0.2753623188405797
05,0011,0.13034033309196236
05,0051,0.3084370677731674
05,0052,0.19393939393939394
05,0061,0.1936245572609209
05,0089,1.0
05,0091,0.17829457364341086
05,0101,0.18997912317327767
05,0122,0.1864951768488746
05,0141,0.1766848816029144
05,0151,0.20187793427230047
05,0161,0.14990689013035383
05,0181,0.15028901734104047
05,0191,0.18563922942206654
05,0201,0.2370266479663394
05,0301,0.19198664440734559
05,0302,0.1614123581336696
05,1011,0.14511873350923482
05,1028,1.0
05,1029,1.0
05,1041,0.18305597579425115
05,1051,0.18429003021148035
05,1071,0.21441441441441442
05,1081,0.18162839248434237
05,1091,0.2514705882352941
05,1101,0.176759410801964
05,1121,0.20114213197969544
05,1131,0.2136150234741784
05,1141,0.19722222222222222
05,1151,0.2688356164383562
05,1161,0.13909378292939936
05,1171,0.09411219286045433
05,2011,0.10317084713677237
05,2021,0.18146467919637072
05,2031,0.20046082949308755
05,2041,0.20607028753993611
05,2042,0.08860759493670886
05,2051,0.19027484143763213
05,2061,0.17732558139534885
05,2071,0.17699115044247787
05,2081,0.2234910277324633
05,2111,0.20600858369098712
05,2121,0.2508896797153025
05,2122,0.20888355342136855
05,2131,0.20502092050209206
05,2151,0.25
05,2161,0.21649484536082475
05,2171,0.19797687861271676
05,2191,0.21428571428571427
05,2211,0.15005861664712777
05,2212,0.18725617685305593
05,2221,0.24146341463414633
05,2311,0.14426229508196722
05,3011,0.17720763723150357
05,3021,0.18273260687342832
05,3031,0.1671195652173913
05,3041,0.18818380743982493
05,3061,0.23180592991913745
05,3071,0.23880597014925373
05,3091,0.20652173913043478
05,3101,0.180028129395218
05,3121,0.1824925816023739
05,3131,0.19195046439628483
05,3141,0.02098635886673662
05,3151,0.15625
05,4011,0.1332033788174139
05,4021,0.023206751054852322
05,4031,0.22795698924731184
05,4041,0.21333333333333335
05,4051,0.2462686567164179
05,4071,0.11857707509881422
05,4111,0.17424242424242425
05,4121,0.2289156626506024
05,5011,0.09378084896347483
05,5012,0.17894736842105263
05,5021,0.09043927648578812
05,5031,0.19210526315789472
05,6011,0.10625470987189148
05,6012,0.11477411477411477
05,6013,0.19517102615694165
05,6051,0.18691588785046728
05,6061,0.13695652173913042
05,6071,0.18984962406015038
05,6081,0.16891891891891891
05,6082,0.1541501976284585
05,6101,0.19017094017094016
05,6141,0.2106508875739645
05,6501,0.1657754010695187
05,6507,0.1216309606081548
05,6508,0.15009041591320071
05,6509,0.14328358208955225
05,6511,0.0967741935483871
05,6515,0.13926940639269406
05,6523,0.18487394957983194
05,6540,0.0777988614800759
05,6541,0.15555555555555556
05,6543,0.11627906976744186
05,6546,0.17094017094017094
05,6554,0.0759493670886076
05,7004,0.0783132530120482
06,0011,0.20918367346938777
06,0021,0.1345083487940631
06,0031,0.17412935323383086
06,0041,0.13550135501355012
06,0101,0.3093220338983051
06,0111,0.16201859229747675
06,0121,0.2054794520547945
06,0131,0.13702074167190445
06,0151,0.11921708185053381
06,0161,0.21389396709323583
06,0171,0.10319516407599309
06,0185,0.014950166112956811
06,0191,0.1993517017828201
06,0201,0.300531914893617
06,0211,0.11119030648610122
06,0221,0.18628719275549807
06,0231,0.15072463768115943
06,0241,0.14693088448525857
06,0251,0.13273676360924683
06,0271,0.1353558926487748
06,0321,0.16769420468557336
06,0331,0.17567567567567569
06,0341,0.1258426966292135
06,0343,0.15632754342431762
06,0361,0.09823182711198428
06,0371,0.11514614703277236
06,0391,0.10935023771790808
06,0403,0.12246553122465531
06,0405,0.16091954022988506
06,0452,0.16034985422740525
06,0461,0.2589118198874296
06,0471,0.17593984962406015
06,0481,0.15074024226110364
06,0491,0.14228456913827656
06,0501,0.09207161125319693
06,0511,0.17962962962962964
06,0521,0.13048498845265588
06,0531,0.15806451612903225
06,0551,0.1326676176890157
06,0561,0.23741935483870968
06,0571,0.13513513513513514
06,0581,0.16515276630883569
06,0601,0.13839285714285715
06,0611,0.14087759815242495
06,0621,0.16745283018867924
06,0631,0.17582417582417584
06,0641,0.10880829015544041
06,0691,0.17298187808896212
06,0701,0.11223118279569892
06,0711,0.10586552217453506
06,0721,0.2586750788643533
06,0731,0.21414342629482072
06,0751,0.2003968253968254
06,0761,0.2387005649717514
06,0811,0.15099009900990099
06,0831,0.20081967213114754
06,0841,0.12680577849117175
06,0851,0.18375499334221038
06,0861,0.18497109826589594
06,0871,1.0
06,0881,0.142049025769956
06,0891,0.1360153256704981
06,0901,0.195578231292517
06,0911,0.17261904761904762
06,0921,0.2237037037037037
06,0931,0.21655172413793103
06,0941,0.15479876160990713
06,0951,0.09423347398030943
06,0971,0.20833333333333334
06,0991,0.8918918918918919
06,1021,1.0
06,1051,0.10582010582010581
06,1071,0.12926577042399173
06,1091,0.2074074074074074
06,1131,0.11183144246353323
06,1151,0.12095339736748488
06,1161,0.19257086999022482
06,1171,0.13344594594594594
06,1191,0.10022779043280182
06,1211,0.1395973154362416
06,1221,0.16271186440677965
06,1241,0.13456937799043062
06,1251,0.20702402957486138
06,1271,0.08062418725617686
06,1281,0.08280828082808281
06,1282,0.1484375
06,1291,0.09256198347107437
06,1311,0.11996904024767802
06,1321,0.18641618497109827
06,1381,0.2168141592920354
06,1391,0.14351851851851852
06,1421,0.1752738654147105
06,1451,0.1111111111111111
06,1461,0.14724919093851133
06,1611,0.16500994035785288
06,1621,0.0953058321479374
06,1631,0.19918144611186903
06,1641,0.2013986013986014
06,1661,0.13232217573221758
06,1671,0.09181969949916527
06,1681,0.14698162729658792
06,1701,0.15011547344110854
06,1711,0.12218122181221812
06,1741,0.12908878504672897
06,1751,0.11055900621118013
06,1752,0.8666666666666667
06,1761,0.3102766798418972
06,1781,0.18635170603674542
06,1791,0.1522516082916369
06,1811,0.216796875
06,1831,0.15384615384615385
06,1841,0.336283185840708
06,1851,0.1367419738406659
06,1871,0.11040339702760085
06,1881,0.15602836879432624
06,1891,0.18627450980392157
06,1901,0.1157196184155952
06,1931,0.12088850918410936
06,1951,0.16552901023890784
06,1971,0.18181818181818182
06,2001,0.19281045751633988
06,2011,0.15568862275449102
06,2021,0.14152298850574713
06,2041,0.12325285895806862
06,2052,0.1435546875
06,2071,0.26846846846846845
06,2121,0.17454954954954954
06,2123,0.3411764705882353
06,2221,0.13798219584569732
06,2231,0.12993630573248408
06,2351,0.13262599469496023
06,2511,0.24617524339360222
06,2531,0.25675675675675674
06,2541,0.17313432835820897
06,2551,0.2453102453102453
06,2561,0.15324675324675324
06,2571,0.142570281124498
06,2611,0.16186252771618626
06,2621,0.21389645776566757
06,2631,0.1994459833795014
06,2641,0.10538373424971363
06,2661,0.18497913769123783
06,2671,0.2059748427672956
06,2681,0.0752405949256343
06,2691,0.20754716981132076
06,2711,0.162227602905569
06,2721,0.20410490307867732
06,2741,0.24833110814419226
06,2751,0.1145799806887673
06,2801,0.16644295302013423
06,2811,0.20812182741116753
06,2831,0.11908983451536644
06,2851,0.3349358974358974
06,2861,0.23933209647495363
06,2871,0.14691943127962084
06,2881,0.14962593516209477
06,2891,0.11973807296538821
06,2942,0.14980544747081712
06,2961,0.17097170971709716
06,2971,0.18142857142857144
06,2981,0.19371196754563894
06,3001,0.1518418688230009
06,3011,0.09445958219800181
06,3031,0.1480978260869565
06,3041,0.21052631578947367
06,3051,0.16248153618906944
06,3061,0.20516962843295639
06,3081,0.18357487922705315
06,3091,0.10652353426919901
06,3101,0.13217213114754098
06,3111,0.15807962529274006
06,3121,0.11322314049586776
06,3131,0.21187427240977882
06,3151,0.13188854489164087
06,3171,0.22587064676616916
06,3181,0.13547486033519554
06,3191,0.13123993558776167
06,3221,0.14068441064638784
06,3222,1.0
06,3291,0.15473441108545036
06,3301,0.21614583333333334
06,3311,0.19701986754966888
06,3321,0.12719298245614036
06,3331,0.17927743694614862
06,3371,0.2324455205811138
06,3391,0.09845176657403731
06,3401,0.16263310745401743
06,3431,0.15557404326123128
06,3441,0.19019836639439908
06,3461,0.11024182076813656
06,3471,0.16221662468513853
06,3481,0.16253002401921537
06,3491,0.17398119122257052
06,3531,0.20860927152317882
06,3541,0.13098649201801063
06,3571,0.21920289855072464
06,3581,0.2840909090909091
06,3591,0.16334661354581673
06,3622,0.07742496737712048
06,3623,0.06712528663748175
06,3631,0.2154377880184332
06,3642,0.13560606060606062
06,3651,0.12855007473841554
06,3661,0.20666666666666667
06,3701,0.13846153846153847
06,3731,0.1176218990590248
06,3741,0.1632928475033738
06,3751,0.18985507246376812
06,3761,0.13366834170854272
06,3771,0.1562198649951784
06,3781,0.1500815660685155
06,3821,0.17795753286147623
06,3841,0.10844370860927152
06,3851,0.022675736961451247
06,3861,0.13039934800325997
06,3871,0.09977703455964325
06,3911,0.1567476948868399
06,3961,0.06766256590509666
06,3962,0.12551440329218108
06,3971,0.11372110365398956
06,4772,0.12202562538133008
06,5002,0.11920529801324503
06,5003,0.07180851063829788
06,5004,0.09349593495934959
06,5006,0.06923076923076923
06,5007,0.06315789473684211
06,5009,0.09271523178807947
06,5010,0.08806404657933042
06,5012,0.04454022988505747
06,5014,0.11258278145695365
06,5015,0.05412156536219817
06,5020,0.0682571239231279
06,5021,0.06513409961685823
06,5023,0.08333333333333333
06,5024,0.09665871121718377
06,5028,0.16111111111111112
06,5030,0.07494145199063232
06,5031,0.0924092409240924
06,5037,0.061377245508982034
06,5038,0.053125
06,5041,0.05841325196163906
06,5044,0.11538461538461539
06,5046,0.0824891461649783
06,5048,0.05606166783461808
06,5049,0.058381984987489574
06,5051,0.10005211047420531
06,5052,0.07103825136612021
06,5060,0.12534059945504086
06,5081,0.08408408408408409
06,5091,0.11959134615384616
06,5111,0.060767590618336885
06,5116,0.05211726384364821
06,5121,0.07903454803596782
06,5141,0.06944444444444445
06,5142,0.08260325406758448
06,5151,0.08744394618834081
06,5161,0.08187134502923976
06,5164,0.08666666666666667
06,5171,0.09951845906902086
06,5177,0.05133928571428571
06,5182,0.08130081300813008
06,5209,0.19298245614035087
06,5211,0.08666666666666667
06,5219,0.1282051282051282
06,5221,0.06479690522243714
06,5224,0.13215859030837004
06,5233,0.1326530612244898
06,5234,0.0744336569579288
06,5238,0.05362776025236593
06,5263,0.03690036900369004
06,5271,0.03353658536585366
06,5325,0.05225225225225225
06,5355,0.05249343832020997
06,5361,0.03597122302158273
06,5362,0.051685393258426963
06,5371,0.07102272727272728
06,5381,0.18439716312056736
06,5388,0.08695652173913043
06,5392,0.07418397626112759
06,5393,0.06666666666666667
06,5400,0.14057507987220447
06,5405,0.052123552123552123
06,5406,0.0671462829736211
06,5407,0.07936507936507936
06,5410,0.09125475285171103
06,5413,0.08705882352941176
06,5420,0.038338658146964855
06,5422,0.04830053667262969
06,5441,0.05982905982905983
06,5481,0.14184397163120568
06,5710,0.060353798126951096
06,5791,0.0986159169550173
06,5861,0.22508038585209003
06,6501,0.16795366795366795
06,7004,0.05263157894736842
07,0021,0.16953316953316952
07,0051,0.21337579617834396
07,0091,0.22608695652173913
07,0101,0.18110236220472442
07,0131,0.24784853700516352
08,0021,0.14029850746268657
08,0031,0.1534473820632452
08,0041,0.27154471544715447
08,0042,1.0
08,0051,0.14193548387096774
08,0081,0.16216216216216217
08,0111,0.23247232472324722
08,0121,0.19846022241231823
08,0131,0.25181598062953997
08,0141,0.26474622770919065
08,0151,0.18928571428571428
08,0171,0.22151898734177214
08,0181,0.1890547263681592
08,0191,0.24705882352941178
08,0201,0.26287744227353466
08,0211,0.21376281112737922
08,0231,0.18435754189944134
08,0251,0.1476121562952243
08,0301,0.2903225806451613
08,0502,0.02956989247311828
08,0503,0.07058823529411765
09,0021,0.1099554234769688
09,0025,0.14121037463976946
09,0031,0.12178148921363953
09,0032,0.1411042944785276
09,0035,0.12484076433121019
09,0042,0.13157894736842105
09,0061,0.13110539845758354
09,0071,0.18362282878411912
09,0083,0.14035087719298245
09,0102,0.15384615384615385
09,0121,0.1092436974789916
09,0161,0.10794044665012408
09,0162,0.11772315653298836
09,0163,0.10838946723821188
09,0171,0.13624338624338625
09,0181,0.1563380281690141
09,0191,0.1083969465648855
09,0201,0.9916666666666667
09,0211,0.13308457711442787
09,0321,0.10909090909090909
09,8001,0.32926829268292684
10,0021,0.185473411154345
10,0071,0.2492753623188406
10,0111,0.4153846153846154
10,0113,0.2564102564102564
10,0201,0.1402061855670103
10,0232,0.1963927855711423
10,0241,0.32297297297297295
10,0252,0.15650030807147258
10,0261,0.2340764331210191
10,0271,0.22279792746113988
10,0301,0.288135593220339
10,0311,0.21862011637572734
10,0331,0.23062381852551986
10,0341,0.19714479945615226
10,0351,0.20023980815347722
10,0352,0.17517241379310344
10,0361,0.17254901960784313
10,0371,0.24076607387140903
10,0381,0.22700587084148727
10,0391,0.20149253731343283
10,0401,0.3327433628318584
10,0411,0.2922705314009662
10,0431,0.20369149637442321
10,0451,0.24909310761789602
10,0471,0.20354808590102708
10,0481,0.24165915238954014
10,0491,0.3266832917705736
10,0501,0.21784232365145229
10,0511,0.3392539964476021
10,0521,0.28343023255813954
10,0531,0.19850586979722518
10,0541,0.2840909090909091
10,0551,0.0878003696857671
10,0571,0.281947261663286
10,0591,0.24525547445255474
10,0601,0.25321100917431194
10,0611,0.12668463611859837
10,0621,0.24259789875835722
10,0631,0.2723463687150838
10,0641,0.1435523114355231
10,0651,0.22613065326633167
10,0661,0.1042319749216301
10,0663,0.12790697674418605
10,0664,0.13321799307958476
10,0667,0.125
10,7004,0.12025316455696203
11,0051,0.14772727272727273
11,0061,0.14573643410852713
11,0121,0.15045871559633028
11,0131,0.13394495412844037
11,0141,0.13953488372093023
11,0151,0.14913745130773512
11,0161,0.10109289617486339
11,0171,0.15625
11,0181,0.16666666666666666
11,0191,0.17904509283819628
11,0201,0.11482254697286012
11,0211,0.14257228315054835
11,0221,0.20865533230293662
11,0231,0.09652076318742986
11,0241,0.25598086124401914
11,0251,0.10576923076923077
11,0261,0.12385844748858447
11,0271,0.1252847380410023
11,0282,0.08040201005025126
11,0311,0.10480602200347423
11,0321,0.14142335766423358
11,0331,0.13636363636363635
11,0341,0.18325434439178515
11,0351,0.1273532668881506
11,0361,0.17501546072974644
11,0371,0.14772727272727273
11,0381,0.220949263502455
11,0391,0.09533678756476684
11,0392,0.0863674851820491
11,0401,0.10824313072439634
11,0421,0.17834394904458598
11,0422,0.16319824753559695
11,0431,0.13746630727762804
11,0441,0.17928902627511592
11,0442,0.17639902676399027
11,0451,0.106353591160221
11,0452,0.14855875831485588
11,0461,0.11694152923538231
11,0471,0.1644295302013423
11,0472,0.17062937062937064
11,0493,0.13597158802638254
11,0501,0.10273224043715846
11,0511,0.13651877133105803
11,0521,0.14004914004914004
11,0531,0.14086687306501547
11,0541,0.24222222222222223
11,0551,0.10121457489878542
11,0631,0.16865671641791044
11,9010,0.2682926829268293
11,9015,0.24107142857142858
11,9017,0.1694915254237288
11,9018,0.14588859416445624
11,9021,0.14522821576763487
11,9026,0.14864864864864866
11,9027,0.24858757062146894
11,9032,0.11160714285714286
11,9034,0.08948194662480377
11,9035,0.051224944320712694
11,9036,0.07933884297520662
11,9037,0.09565217391304348
12,0011,0.14256515074092999
12,0031,0.15180265654648956
12,0071,0.19631901840490798
12,0081,0.16134185303514376
12,0091,0.17849462365591398
12,0121,0.19692307692307692
12,0123,0.14776632302405499
12,0141,0.12316176470588236
12,0161,0.2550335570469799
12,0221,0.575
12,0241,0.15539858728557013
12,0261,0.1986863711001642
12,0271,0.1408083441981747
12,0291,0.16842105263157894
12,0402,0.06693711967545639
13,0041,0.08863025962399283
13,0070,0.09393346379647749
13,0071,0.06291997556505803
13,0072,0.043478260869565216
13,0073,0.11978021978021978
13,0081,0.11258278145695365
13,0091,0.10659272951324707
13,0092,0.053886504530281355
13,0100,0.03842869342442357
13,0101,0.2518518518518518
13,0102,0.06049149338374291
13,0111,0.13202247191011235
13,0121,0.2487864077669903
13,0122,0.087248322147651
13,0125,0.10842293906810035
13,0161,0.3805147058823529
13,0201,0.1144578313253012
13,0211,0.11
13,0231,0.07497656982193064
13,0241,0.06944444444444445
13,0251,0.10318471337579618
13,0261,0.07194244604316546
13,0271,0.3341232227488152
13,0311,0.19596541786743515
13,0312,0.026359143327841845
13,0321,0.1251700680272109
13,0332,0.02944507361268403
13,0339,0.10074626865671642
13,0341,0.054249547920433995
13,0342,0.03595206391478029
13,0361,0.23827392120075047
13,0400,0.052805280528052806
13,0401,0.04182509505703422
13,0410,0.025848142164781908
13,0441,0.4103671706263499
13,0451,0.1285563751317176
13,0461,0.059782608695652176
13,0481,0.2747826086956522
13,0510,0.03317535545023697
13,0520,0.045779685264663805
13,0521,0.10251046025104603
13,0561,0.07262569832402235
13,0600,0.02564102564102564
13,0641,0.3385416666666667
13,0651,0.1724137931034483
13,0661,0.09587217043941411
13,0671,0.06971153846153846
13,0681,0.05970149253731343
13,0721,0.0593607305936073
13,0761,0.15880322209436135
13,0771,0.17415730337078653
13,0801,0.2718340611353712
13,0831,0.16725978647686832
13,0841,0.0935412026726058
13,0861,0.16610169491525423
13,0881,0.14365671641791045
13,0921,1.0
13,0950,0.05365853658536585
13,0961,0.056179775280898875
13,1000,0.044642857142857144
13,1001,0.1581439393939394
13,1010,0.05945945945945946
13,1014,0.056164383561643834
13,1015,0.06352941176470588
13,1017,0.03231939163498099
13,1020,0.024134312696747113
13,1041,0.10896708286038592
13,1070,1.0
13,1081,0.09750566893424037
13,1121,0.0950479233226837
13,1161,0.17491749174917492
13,1241,0.12224448897795591
13,1281,0.1830238726790451
13,1331,0.11050477489768076
13,1371,0.08168028004667445
13,1401,0.10581222056631892
13,1441,0.1327683615819209
13,1481,0.17137096774193547
13,1521,0.2662192393736018
13,1561,0.14573991031390135
13,1601,0.21138211382113822
13,1641,0.09243697478991597
13,1691,0.11394101876675604
13,1721,0.21681864235055726
13,1761,0.10810810810810811
13,1801,0.09983361064891846
13,1811,0.16631578947368422
13,1841,0.11671087533156499
13,1881,0.09626436781609195
13,1921,0.0782312925170068
13,2001,0.11734028683181226
13,2002,0.022727272727272728
13,2003,0.0423861852433281
13,2012,0.05432098765432099
13,2013,0.03275109170305677
13,2021,0.25206611570247933
13,2031,0.051560379918588875
13,2041,0.07001795332136446
13,2060,0.06493506493506493
13,2081,0.04238921001926782
13,2111,0.2
13,2151,0.11031664964249234
13,2161,0.11848341232227488
13,2181,0.06748466257668712
13,2191,0.07973856209150326
13,2241,0.18687872763419483
13,2261,0.12422360248447205
13,2281,0.0993103448275862
13,2321,0.4721030042918455
13,2331,0.09496567505720824
13,2341,0.22
13,2351,0.1201923076923077
13,2361,0.10110584518167456
13,2371,0.1354420113544201
13,2401,0.06679389312977099
13,2441,0.13504273504273503
13,2501,0.08695652173913043
13,2511,0.21785714285714286
13,2521,0.19148936170212766
13,2541,0.1575875486381323
13,2581,0.056768558951965066
13,2641,0.16468253968253968
13,2651,0.190224570673712
13,2661,0.25761772853185594
13,2701,0.13412408759124086
13,2741,0.04915390813859791
13,2781,0.12006578947368421
13,2801,0.14545454545454545
13,2821,0.1141439205955335
13,2881,0.10103626943005181
13,2891,0.12087912087912088
13,2901,0.11152764761012184
13,2911,0.08745684695051784
13,2941,0.14715719063545152
13,2981,0.12303664921465969
13,3001,0.10714285714285714
13,3002,0.021052631578947368
13,3021,0.07952286282306163
13,3026,0.03611738148984198
13,3030,0.04757281553398058
13,3032,0.10393258426966293
13,3033,0.10260869565217391
13,3034,0.048295454545454544
13,3041,0.11285266457680251
13,3051,0.08923884514435695
13,3061,0.13580246913580246
13,3100,0.045174537987679675
13,3101,0.0299625468164794
13,3111,0.08836206896551724
13,3141,0.08265582655826559
13,3181,0.100169779286927
13,3191,0.02621231979030144
13,3241,0.11320754716981132
13,3261,0.17417783191230207
13,3281,0.08139534883720931
13,3341,0.061313868613138686
13,3381,0.22305764411027568
13,3421,0.1553072625698324
13,3431,0.06060606060606061
13,3501,0.13539651837524178
13,3541,0.13564668769716087
13,3581,0.0958904109589041
13,3600,0.05501618122977346
13,3610,0.08730556949322629
13,3621,0.10283687943262411
13,3661,0.20148148148148148
13,3701,0.07817109144542773
13,3741,0.049440298507462684
13,3781,0.08421052631578947
13,3821,0.0775
13,3861,0.18340611353711792
13,3901,0.08123791102514506
13,3941,0.053784860557768925
13,3981,0.1497005988023952
13,4000,0.04452054794520548
13,4001,0.28354978354978355
13,4002,0.03110047846889952
13,4010,0.02465331278890601
13,4011,0.10887772194304858
13,4021,0.08067226890756303
13,4031,0.11863391252246855
13,4050,0.02178217821782178
13,4061,0.057777777777777775
13,4071,0.3036144578313253
13,4091,0.10687022900763359
13,4121,0.07936507936507936
13,4171,0.13541666666666666
13,4221,0.10130718954248366
13,4241,0.15594855305466238
13,4261,0.11904761904761904
13,4281,0.09230769230769231
13,4301,0.05154639175257732
13,4341,0.13074204946996468
13,4381,0.08862629246676514
13,4391,0.15555555555555556
13,4401,0.11016949152542373
13,4421,0.045
13,4441,0.1491442542787286
13,4461,0.116751269035533
13,4491,0.09124767225325885
13,4501,0.3137254901960784
13,4511,0.2222222222222222
13,4541,0.08250825082508251
13,4581,0.11512717536813923
13,4611,0.10833333333333334
13,4681,0.0735930735930736
13,4691,0.21701602959309493
13,4721,0.13769751693002258
13,4741,0.13449023861171366
13,4761,0.08971962616822429
13,4801,0.0851063829787234
13,4841,0.1410459587955626
13,4881,0.12053571428571429
13,4921,0.10934744268077601
13,4961,0.15137614678899083
13,5001,0.05930232558139535
13,5002,0.05454545454545454
13,5003,0.17729393468118196
13,5005,0.09856262833675565
13,5006,0.06041666666666667
13,5007,0.05387205387205387
13,5008,0.042283298097251586
13,5021,0.15359477124183007
13,5022,0.0398406374501992
13,5025,0.02774108322324967
13,5029,0.06190476190476191
13,5032,0.04008438818565401
13,5041,0.20915032679738563
13,5044,0.051829268292682924
13,5045,0.04431818181818182
13,5047,0.028419182948490232
13,5048,0.02834008097165992
13,5049,0.01795142555438226
13,5051,0.10256410256410256
13,5061,0.1287313432835821
13,5062,0.036231884057971016
13,5081,0.13274336283185842
13,5091,0.04735883424408015
13,5101,0.1133257403189066
13,5121,0.3036529680365297
13,5141,0.05851063829787234
13,5201,0.10215053763440861
13,5241,0.11024643320363164
13,5281,0.1884920634920635
13,5321,0.06234718826405868
13,5361,0.08908685968819599
13,5381,0.12258064516129032
13,5384,0.0626865671641791
13,5401,0.018518518518518517
13,5410,0.031446540880503145
13,5421,0.14038128249566725
13,5431,0.09688581314878893
13,5441,0.1936127744510978
13,5481,0.08828828828828829
13,5521,0.32634032634032634
13,5561,0.24842767295597484
13,5601,0.14081145584725538
13,5641,0.1875
13,5671,0.0667433831990794
13,5711,0.1147227533460803
13,5791,0.07021791767554479
13,5831,0.05420054200542006
13,5861,0.10335917312661498
13,5901,0.19219653179190752
13,5931,0.0635593220338983
13,5951,0.17375231053604437
13,5961,0.10118632240055828
13,5971,0.08357348703170028
13,5981,0.1358839050131926
13,5991,0.2359882005899705
13,6001,0.02725563909774436
13,6004,0.04044117647058824
13,6011,0.19148936170212766
13,6012,0.022321428571428572
13,6013,0.07457627118644068
13,6014,0.0380952380952381
13,6015,0.049707602339181284
13,6018,0.09056603773584905
13,6020,0.055
13,6021,0.08181818181818182
13,6022,0.033073929961089495
13,6023,0.05263157894736842
13,6024,0.03717472118959108
13,6028,0.07333333333333333
13,6030,0.030716723549488054
13,6031,0.19786096256684493
13,6032,0.05116279069767442
13,6033,0.0399529964747356
13,6034,0.0582010582010582
13,6040,0.037606837606837605
13,6041,0.1925754060324826
13,6042,0.05913978494623656
13,6051,0.14049586776859505
13,6052,0.06010230179028133
13,6060,0.06497175141242938
13,6070,0.10367170626349892
13,6081,0.03854389721627409
13,6082,0.05817174515235457
13,6083,0.06493506493506493
13,6091,0.1972972972972973
13,6111,0.26594464500601683
13,6121,0.11683848797250859
13,6161,0.15375
13,6171,0.11400651465798045
13,6211,0.1696969696969697
13,6221,0.13768115942028986
13,6231,0.22527472527472528
13,6241,0.0910010111223458
13,6251,0.2224025974025974
13,6281,0.359375
13,6301,0.08518877057115198
13,6331,0.18854748603351956
13,6351,0.13059701492537312
13,6361,0.2152619589977221
13,6391,0.1393258426966292
13,6411,0.11616161616161616
13,6441,0.14088669950738916
13,6501,0.08225437928408226
13,6521,0.14903846153846154
13,6541,0.08139534883720931
13,6571,0.07639680729760548
13,6591,0.09815950920245399
13,6611,0.12878787878787878
13,6631,0.1021978021978022
13,6681,0.27213822894168466
13,6701,0.1338506304558681
13,6741,0.11174089068825911
13,6751,0.04629080118694362
13,6761,0.19517102615694165
13,6771,0.17753201396973226
13,6781,0.16517857142857142
13,6801,0.21756487025948104
13,6821,0.14756944444444445
13,6841,0.09132770529547199
13,6861,0.12311178247734139
13,6881,0.07692307692307693
13,6901,0.14776951672862454
13,6921,0.11314475873544093
13,6961,0.125
13,7005,0.07920792079207921
13,7008,0.1393643031784841
13,7009,0.02481389578163772
13,7011,0.11940298507462686
13,7015,0.16
13,7016,0.04225352112676056
13,7018,0.02109375
13,7020,0.03666666666666667
13,7021,0.048859934853420196
13,7027,0.06679764243614932
13,7029,0.03410936654033568
13,7032,0.08997429305912596
13,7033,0.05486284289276808
13,7034,0.08333333333333333
13,7042,0.051094890510948905
13,7048,0.0641025641025641
13,7049,0.05867819641754169
13,7050,0.10419161676646707
13,7051,0.12153449387491941
13,7053,0.05091649694501019
13,7055,0.03007518796992481
13,7056,0.09722222222222222
13,7058,0.06310679611650485
13,7059,0.04226227470478558
13,7060,0.08045977011494253
13,7062,0.07600950118764846
13,7065,0.1617933723196881
13,7067,0.11909262759924386
13,7068,0.11726384364820847
13,7069,0.1075
13,7070,0.08928571428571429
13,7071,0.09439801918910554
13,7081,0.028169014084507043
13,7090,0.031453362255965296
13,7101,0.05508350424846176
13,7111,0.14956855225311602
13,7121,0.09053213545266067
13,7131,0.1601537475976938
13,7141,0.06598984771573604
13,7151,0.20926829268292682
13,7160,0.026674570243034972
13,7161,0.02262142381902861
13,7171,0.02188782489740082
13,7191,0.06129149945275447
13,7201,0.08333333333333333
13,7231,0.13291796469366562
13,7251,0.1262135922330097
13,7262,0.04287245444801715
13,7271,0.12729498164014688
13,7291,0.03544575725026853
13,7301,0.13243243243243244
13,7341,0.1001977587343441
13,7351,0.12166666666666667
13,7361,0.1720958819913952
13,7371,0.10871647509578544
13,7391,0.059640522875817
13,7411,0.12349799732977303
13,7431,0.10975170924793091
13,7461,0.10193321616871705
13,7511,0.1008174386920981
13,7531,0.14473684210526316
13,7541,0.12213740458015267
13,7581,0.03958090803259604
13,7591,0.088348271446863
13,7601,0.026200873362445413
13,7631,0.32407407407407407
13,7701,0.13022941970310392
13,7721,0.12
13,7731,0.2055231014338821
13,7741,0.1532520325203252
13,7751,0.0962962962962963
13,7781,0.13468711147948612
13,7791,0.154419595314164
13,7827,0.18181818181818182
13,7834,0.07755102040816327
13,7891,0.07547169811320754
13,7901,0.053169734151329244
13,8101,0.1917808219178082
13,8141,0.2222222222222222
13,8151,1.0
13,8181,1.0
13,9732,0.9656992084432717
14,0031,0.11609907120743033
14,0061,0.20491803278688525
14,0081,0.10819009100101112
14,0161,0.12027158098933075
14,0181,0.13884555382215288
14,0291,0.42857142857142855
15,0021,0.18455743879472694
15,0041,0.18791946308724833
15,0101,0.2140221402214022
15,0111,0.210752688172043
16,0121,0.16666666666666666
16,0141,0.145985401459854
16,0151,0.12158054711246201
16,0161,0.16507936507936508
16,0181,0.16521739130434782
16,0191,0.16859122401847576
16,0201,0.11187214611872145
16,0211,0.15
16,0251,0.07563025210084033
16,0271,0.6942675159235668
16,0281,1.0
16,0291,0.2036775106082037
16,0301,0.14442231075697212
16,0311,0.06955380577427822
16,0331,0.09924550203134068
16,0351,0.13050075872534142
16,0371,0.16666666666666666
16,0381,0.12731668009669622
16,0451,0.16420664206642066
16,0461,0.19831223628691982
16,0471,0.11654135338345864
16,0481,0.15461847389558234
16,0511,0.1384928716904277
16,0531,0.16872427983539096
16,0581,0.13580246913580246
16,0591,0.15813953488372093
16,0621,0.16701461377870563
16,0631,0.1351963746223565
16,0641,0.14325068870523416
16,0651,0.24130879345603273
16,0661,0.1784090909090909
16,0681,0.1340909090909091
16,0691,0.2415902140672783
16,0701,0.12195121951219512
16,0711,0.15562403697996918
16,0721,0.1492204899777283
16,0731,0.09090909090909091
16,0741,0.15170278637770898
16,0751,0.025101763907734057
16,0761,0.32879377431906615
16,0771,0.17667844522968199
16,0781,0.37666666666666665
16,0791,0.1503957783641161
16,0801,0.1316348195329087
16,0811,0.15492957746478872
16,0821,0.3805774278215223
16,0831,0.08778625954198473
16,0841,0.3136729222520107
16,0851,0.12931034482758622
16,0861,0.1360248447204969
16,0871,0.1392931392931393
16,0881,0.11663066954643629
16,0891,0.10110584518167456
16,0901,0.1280388978930308
16,0911,0.3870192307692308
16,0931,0.3407707910750507
16,0941,0.11764705882352941
16,0951,0.16666666666666666
16,0961,0.16413593637020968
16,0971,0.1289134438305709
16,0981,0.1353637901861252
16,0991,0.2097130242825607
16,1021,0.15151515151515152
16,1061,0.18072289156626506
16,1073,0.057885906040268456
16,1131,0.11743772241992882
16,1161,0.14609053497942387
16,1181,0.12195121951219512
16,1201,0.05217391304347826
16,1211,0.12133891213389121
16,1221,0.07804878048780488
16,1231,0.1320754716981132
16,1241,0.1407035175879397
16,1261,0.11811023622047244
16,1271,0.12074829931972789
16,1281,0.275
16,1291,0.06126482213438735
16,1311,0.12617702448210924
16,1321,0.10545722713864307
16,1331,0.11
16,1371,0.13082039911308205
16,1411,0.13389830508474576
16,1421,0.25338753387533874
16,1441,0.0829103214890017
16,1451,0.03760071620411817
16,1461,0.15671641791044777
16,1491,0.12255772646536411
16,1501,0.10865874363327674
16,1521,0.0412796697626419
16,1531,0.015018773466833541
16,1542,0.1543026706231454
16,1551,0.13758389261744966
16,1561,0.14901960784313725
16,1581,0.08522727272727272
16,1591,0.1622222222222222
16,1601,0.2797858099062918
16,1611,0.12755102040816327
16,1621,0.06666666666666667
16,1631,0.17314487632508835
16,1641,1.0
16,1651,0.127163280662152
16,1661,0.11258278145695365
16,1691,0.12014134275618374
16,1701,1.0
16,1761,0.35714285714285715
16,1811,0.9902912621359223
16,2021,0.1529051987767584
16,2031,0.09223300970873786
16,2051,0.14746543778801843
16,2061,0.1647940074906367
16,2072,0.14884393063583815
16,2081,0.1781609195402299
16,2091,0.27256637168141595
16,2111,0.1354764638346728
16,2121,0.21621621621621623
16,2131,0.20675675675675675
16,2141,0.22727272727272727
16,2161,0.166
16,2171,0.15674603174603174
16,2181,0.11183144246353323
16,2191,0.2421972534332085
16,2201,0.11981566820276497
16,2211,0.15779467680608364
16,2221,0.2137030995106036
16,2231,0.10018639328984157
16,2241,0.05825242718446602
16,2251,0.12323943661971831
16,2261,0.15517241379310345
16,2271,0.23583180987202926
16,2281,0.2410575427682737
16,2291,0.1532033426183844
16,2301,0.13178294573643412
16,2311,0.211781206171108
16,2321,0.1599229287090559
16,2331,0.1165644171779141
16,2341,0.12624584717607973
16,2351,0.113345521023766
16,2361,0.16954022988505746
16,2371,0.11958762886597939
16,2381,0.11405835543766578
16,2391,0.18295218295218296
16,2401,0.16158536585365854
16,2411,0.2051931602279924
16,2421,0.18882978723404256
16,2431,0.10412926391382406
16,2441,0.1423841059602649
16,2451,0.15320665083135393
16,2461,0.26626506024096386
16,2471,0.14540816326530612
16,2481,0.20300751879699247
16,2491,0.3032679738562091
16,2501,0.12040133779264214
16,2511,0.1125
16,2521,1.0
16,2531,0.1076388888888889
16,2541,0.16707616707616707
16,2551,0.17253948967193194
16,2561,0.19370629370629372
16,2571,0.22577092511013216
16,2581,0.17623762376237623
16,2591,0.12623413258110014
16,2601,0.07335448057097542
16,2621,0.12101910828025478
16,2631,0.2169230769230769
16,2641,0.1859375
16,2651,0.11844005777563794
16,2671,0.061284046692607
16,2681,0.14235345967386515
16,2691,0.20317002881844382
16,2701,0.2052877138413686
16,2741,0.22527472527472528
16,2791,0.22766323024054982
16,2801,0.15340442986054142
16,2851,0.1908548707753479
16,5371,0.08047493403693931
16,5381,0.11210762331838565
16,5391,0.2072072072072072
16,5401,0.16071428571428573
16,5411,0.10121457489878542
16,5421,0.1323529411764706
16,5441,0.07321131447587355
16,5501,0.0797872340425532
16,5511,0.0918141592920354
16,5551,0.11943539630836048
16,5591,0.10340909090909091
16,5601,0.0933806146572104
16,5611,0.11546840958605664
16,5621,0.12514092446448705
16,5631,0.1888412017167382
16,7023,0.07092198581560284
17,0021,0.11290322580645161
17,0031,0.19850746268656716
17,0051,0.12678288431061807
17,0061,0.1663306451612903
17,0101,0.0935672514619883
17,0111,0.15010570824524314
17,0191,0.10899653979238755
17,0211,0.328125
17,0221,0.12323390894819466
17,0231,0.11942675159235669
17,0271,0.10513447432762836
17,0281,0.1265750286368843
17,0291,0.15422077922077923
17,0301,0.171238570241064
17,0361,0.1658291457286432
17,0371,0.16112084063047286
17,0381,0.2085661080074488
17,0391,0.1669793621013133
17,0411,0.11306179775280899
17,0441,0.12258064516129032
17,0451,0.1302170283806344
17,0461,0.12363636363636364
17,0471,0.19775280898876405
17,0491,0.1685185185185185
17,0501,0.13380281690140844
17,0521,0.10252873563218391
17,0541,0.13701431492842536
17,0551,0.18156424581005587
17,0561,0.21001221001221002
17,0572,0.1391941391941392
17,0581,0.28113879003558717
17,0601,0.17075664621676892
17,0602,0.4022727272727273
17,0671,0.02486678507992895
17,0771,0.22468354430379747
17,0862,0.1539877300613497
17,0863,0.1607773851590106
17,0866,0.23404255319148937
17,0921,0.16129032258064516
17,0922,1.0
17,0924,1.0
17,0941,0.11925601750547046
17,0951,0.10179977502812149
17,1201,0.18973747016706444
17,1221,0.15334773218142547
17,1231,0.1342685370741483
17,1241,0.11193111931119311
17,1251,0.04633781763826607
17,1261,0.1696969696969697
17,1281,0.132890365448505
17,1291,0.15180722891566265
17,1311,0.21555915721231766
17,2093,0.08333333333333333
17,2104,0.08189655172413793
17,2106,0.06666666666666667
18,0011,0.20176405733186328
18,0022,0.21165381319622964
18,0051,0.1575984990619137
18,0061,0.1273957158962796
18,0090,0.16304985337243402
18,0091,0.12802768166089964
18,0131,0.17763845350052246
18,0201,0.13408723747980614
18,0301,0.12726008344923506
18,0401,0.15210355987055016
19,0091,0.19421965317919074
19,0101,0.3625
19,9009,0.17847025495750707
20,0041,0.17729083665338646
20,0051,0.1668372569089048
20,0052,0.15762273901808785
20,0091,0.13114754098360656
20,0141,0.09666666666666666
20,0151,0.14507772020725387
20,0201,0.1674565560821485
20,0211,0.1861152141802068
20,0231,0.2073170731707317
20,9104,0.03415559772296015
20,9106,1.0
21,0021,0.1273792093704246
21,0031,0.1589825119236884
21,0032,0.2548076923076923
21,0041,0.22676579925650558
22,0021,0.188
22,0051,0.1876750700280112
22,0055,0.14020270270270271
22,0056,0.38071065989847713
22,0057,0.37037037037037035
23,0022,0.2753623188405797
23,0051,0.18512396694214875
23,0061,0.1523046092184369
23,0081,0.18309859154929578
24,0032,0.09779179810725552
24,0041,0.12790697674418605
25,0011,0.13293051359516617
25,0021,0.11848679514632406
25,0031,0.17380352644836272
25,0041,0.11142857142857143
25,0061,0.12567324955116696
25,0081,0.47619047619047616
25,0091,0.1411589895988113
25,0111,0.12639405204460966
26,0020,0.1591737545565006
26,0061,0.12005277044854881
26,0151,0.21020408163265306
26,0161,0.12757201646090535
26,0162,0.15397350993377484
26,0171,0.09411764705882353
26,0181,0.1448445171849427
26,0191,0.13360323886639677
26,0192,0.13008130081300814
26,0201,0.15729166666666666
27,0051,0.1153184165232358
27,0052,0.18935837245696402
27,0161,0.225177304964539
27,0171,0.22734026745913818
27,0181,0.09761766414875073
27,0202,0.12239583333333333
27,0211,0.21428571428571427
27,0221,0.10256410256410256
27,0231,0.1825726141078838
27,0241,0.1537313432835821
27,0251,0.1520882584712372
27,0252,0.20414847161572053
27,0253,0.18950437317784258
27,0261,0.2304921968787515
27,0271,0.22495606326889278
27,0321,0.17204301075268819
27,0331,0.2283464566929134
27,0341,0.07557354925775979
27,0351,0.09027777777777778
27,0371,0.07885554780181438
27,0381,0.1905604719764012
27,0391,0.11198120595144871
27,0392,0.12527154236060825
27,4422,0.05084745762711865
28,0015,0.17378048780487804
28,0021,0.14890885750962773
28,0031,0.19006849315068494
28,0041,0.1469265367316342
28,0051,0.1798780487804878
28,0061,0.20637898686679174
28,0071,0.16825396825396827
28,0081,0.22346368715083798
28,0091,0.14365411436541142
28,0101,0.11716171617161716
28,0111,0.16139240506329114
28,0211,0.19778699861687413
28,0221,0.10832811521603006
28,0231,0.15668202764976957
28,0251,0.10532837670384139
28,0291,0.15109034267912771
29,0005,0.1437308868501529
29,0041,0.1690307328605201
29,0042,0.15937940761636107
29,0043,0.16914830256104824
29,0051,0.10115606936416185
29,0052,0.2111650485436893
29,0054,0.2167352537722908
29,0055,0.1526282457251425
29,0056,0.26171875
29,0059,0.1203883495145631
29,0060,0.058981233243967826
29,0063,1.0
29,0065,0.14370664023785926
29,0069,0.1187363834422658
29,0070,0.15702479338842976
29,0072,0.15645371577574968
29,0073,0.12849341471249598
29,0074,0.15670650730411687
29,0081,0.15640599001663893
29,0082,0.1910828025477707
29,0084,0.15729047072330654
29,0085,0.16443361753958588
29,0086,0.1250822909809085
29,0089,0.07518189167340339
29,0092,0.16862745098039217
29,0093,0.09876543209876543
29,0100,0.0887185104052574
29,0102,0.174931129476584
29,0110,0.1548311990686845
29,0120,0.184
29,0121,0.14397905759162305
29,0123,0.13829787234042554
29,0125,0.16585365853658537
29,0128,0.18019257221458046
29,0131,0.15328798185941042
29,0141,0.14396284829721362
29,0151,0.11735089078233928
29,0161,0.19498069498069498
29,0191,0.12613981762917933
29,0201,0.11552680221811461
29,0261,0.1488095238095238
29,0271,0.1267175572519084
29,0281,0.1247853463079565
29,0282,0.18352059925093633
29,0284,0.08869395711500974
29,0291,0.16266666666666665
29,0311,0.14518002322880372
29,0322,0.16589147286821707
29,0361,0.12192262602579132
29,0363,0.17525773195876287
29,0371,0.13793103448275862
29,0401,0.1703239289446186
29,0441,0.1918158567774936
29,0521,0.1732394366197183
29,0527,0.08154943934760449
29,0561,0.2076271186440678
29,0571,0.19605263157894737
29,0631,0.23144654088050315
29,0641,0.22841225626740946
29,0651,0.1276595744680851
29,0682,0.21036585365853658
29,0691,0.17403708987161198
29,0701,0.1478494623655914
29,0761,0.1959924859110833
29,0771,0.22604422604422605
29,0772,0.08418657565415244
29,0801,0.305982905982906
29,0802,0.19910514541387025
29,0841,0.11795774647887323
29,0842,0.16483516483516483
29,0851,0.11520190023752969
29,0861,0.20985915492957746
29,0881,0.1590909090909091
29,0921,0.09606147934678194
29,0931,0.2300140252454418
29,0962,0.2054794520547945
29,1001,0.13976945244956773
29,1021,0.13013698630136986
29,1051,0.1997703788748565
29,1080,0.14963503649635038
29,1081,0.192
29,1101,0.1310116086235489
29,1201,0.12044374009508717
29,1202,1.0
29,1281,0.1391941391941392
29,1291,0.14762301918265222
29,1322,0.13297872340425532
29,1324,0.18343653250773995
29,1361,0.19298245614035087
29,1401,0.12199630314232902
29,1431,0.1918238993710692
29,1441,0.08279220779220779
29,1471,0.19675456389452334
29,1481,0.22199170124481327
29,1482,0.16319444444444445
29,1541,0.13850129198966407
29,1542,0.19680851063829788
29,1551,0.13696612665684832
29,1601,0.21247892074198987
29,1681,0.08710801393728224
29,1721,0.17723880597014927
29,1761,0.1802030456852792
29,1776,0.1529968454258675
29,1781,0.16586151368760063
29,1831,0.15140845070422534
29,1871,0.14814814814814814
29,1881,0.11526315789473685
29,1941,0.15217391304347827
29,1951,0.21403508771929824
29,2041,0.17973231357552583
29,2042,0.20291616038882138
29,2201,0.206286836935167
29,2241,0.14285714285714285
29,2261,0.14533622559652928
29,2291,0.20990873533246415
29,2321,0.17039800995024876
29,2361,0.1935483870967742
29,2362,0.20512820512820512
29,2401,0.12367491166077739
29,2421,0.12505789717461788
29,2431,0.09419152276295134
29,2441,0.12704918032786885
29,2451,0.19444444444444445
29,2461,0.11836115326251896
29,2471,0.12629757785467127
29,2521,0.11893203883495146
29,2531,0.2031523642732049
29,2541,1.0
29,2551,0.13880445795339413
29,2561,0.17214397496087636
29,2601,0.11981566820276497
29,2651,0.1732418524871355
29,2721,0.1294871794871795
29,2771,0.18314424635332252
29,2801,0.15151515151515152
29,2841,0.17307692307692307
29,2851,0.06867671691792294
29,2871,0.17657992565055763
29,2882,0.167192429022082
29,2961,0.17266187050359713
29,2972,1.0
29,3001,0.09228187919463088
29,3004,0.1341692789968652
29,3041,0.1431818181818182
29,3061,0.1406799531066823
29,3081,0.0824607329842932
29,3082,0.08487486398258977
29,3101,0.11804008908685969
29,3121,0.15185601799775028
29,3131,0.13004484304932734
29,3141,0.12967581047381546
29,3151,0.1491628614916286
29,3161,0.1681087762669963
29,3171,0.0981554677206851
29,3181,0.1619047619047619
29,3201,0.12762237762237763
29,3241,0.09782608695652174
29,3281,0.21593291404612158
29,3362,0.1875
29,3371,0.10830745341614907
29,3381,0.15719063545150502
29,3411,0.07710747103475829
29,3431,0.16666666666666666
29,3441,0.13369713506139155
29,3442,0.1303827751196172
29,3521,0.11150442477876106
29,3561,0.12153518123667377
29,3620,0.10267229254571027
29,3622,0.0998003992015968
29,3641,0.24363636363636362
29,3681,0.23502994011976047
29,3731,0.11217335882727852
29,3761,0.12945838837516513
29,3771,0.15220293724966621
29,3782,1.0
29,3784,0.11549295774647887
29,3801,0.0918918918918919
29,3802,0.09987029831387809
29,3841,0.20125786163522014
29,3851,0.18624161073825504
29,3861,0.11867088607594936
29,3881,0.24904942965779467
29,3921,0.23582766439909297
29,3922,0.1624874623871615
29,3951,0.1737891737891738
29,3961,0.10300429184549356
29,4002,1.0
29,4141,0.11353898886032562
29,4151,0.0937368642286675
29,4154,0.3155080213903743
29,4155,0.3228346456692913
29,4161,0.12811791383219956
29,4201,0.13043478260869565
29,4211,0.19151670951156813
29,4212,0.18484288354898337
29,4221,0.04144319843978547
29,4241,0.2399403874813711
29,4251,0.10553410553410554
29,4261,0.14285714285714285
29,4281,0.1430817610062893
29,4321,1.0
29,4361,0.17674418604651163
29,4381,0.09291338582677165
29,4441,0.18588235294117647
29,4442,0.1409028727770178
29,4481,0.16152450090744103
29,4522,0.2112676056338028
29,4561,0.18528610354223432
29,4562,0.967032967032967
29,4581,0.16995073891625614
29,4591,0.13842482100238662
29,4601,0.16883116883116883
29,4611,0.08393782383419689
29,4651,0.10193133047210301
29,4681,0.15151515151515152
29,4722,0.22142857142857142
29,4731,0.11362700699876492
29,4741,0.05054151624548736
29,4747,0.14923076923076922
29,4761,0.08245877061469266
29,4801,0.1771117166212534
29,4841,0.18821603927986907
29,4921,0.1832191780821918
29,4941,0.1634182908545727
29,4961,0.17385057471264367
29,5041,0.13704819277108435
29,5044,0.27419354838709675
29,5052,0.36666666666666664
29,5054,0.20967741935483872
29,5056,0.375
29,5062,0.36363636363636365
29,5371,1.0
29,6606,0.03484848484848485
29,6608,0.13765182186234817
29,6609,1.0
29,6613,0.10831234256926953
29,6615,0.04954954954954955
29,6620,0.056105610561056105
29,6621,0.04597701149425287
29,6624,0.07017543859649122
29,6625,0.0949367088607595
29,6626,0.08849557522123894
29,6634,0.05090311986863711
29,6637,0.07150480256136606
29,6639,1.0
29,6643,0.10596026490066225
29,6644,0.0824295010845987
29,6646,0.18503937007874016
29,6649,0.07426778242677824
29,6652,0.0873015873015873
29,6653,0.07442489851150202
29,6655,0.0970625798212005
29,6656,0.1274131274131274
29,6657,0.05639913232104121
29,6658,0.06661676646706587
29,6659,0.1951219512195122
29,6661,0.06167400881057269
29,6662,0.07497820401046207
29,6667,0.0906515580736544
29,6668,0.04420731707317073
29,6671,0.06741573033707865
29,7672,1.0
29,7675,0.09742120343839542
29,7680,0.14545454545454545
29,7681,0.08893956670467502
29,7803,0.10048622366288493
29,7805,0.08281573498964803
29,7806,0.08793103448275862
29,7811,0.11139240506329114
29,7812,0.10985277463193659
29,7813,0.12727272727272726
29,7815,0.13533834586466165
29,7821,0.10880829015544041
29,7822,0.20224719101123595
29,7826,0.07606420097697139
30,0031,0.09585492227979274
30,0041,0.13140311804008908
30,0061,0.16611295681063123
30,0111,0.20952380952380953
30,0261,0.12025316455696203
30,0262,0.16497263487099295
30,0471,0.36363636363636365
31,0031,0.11859193438140807
31,0033,0.3684210526315789
31,0041,0.1425925925925926
31,0051,0.13670411985018727
31,0061,0.12473572938689217
31,0081,0.18074074074074073
31,0101,0.18227424749163879
31,0121,0.2692307692307692
31,0131,1.0
31,0141,0.18687589158345222
31,0151,0.2109181141439206
31,0161,0.21543408360128619
31,0171,0.12312633832976445
31,0191,0.1546134663341646
31,0201,0.19392917369308602
31,0221,0.1388888888888889
31,0271,0.16276477146042365
31,0291,0.14151925078043703
31,0301,0.13468634686346864
31,0341,0.16012084592145015
31,0371,0.15723873441994246
31,5001,0.09606986899563319
31,5002,0.10218978102189781
31,5003,0.12790697674418605
31,5005,0.16165413533834586
31,5006,0.09988776655443322
32,0021,0.10714285714285714
32,0031,0.14463452566096424
32,0041,0.16838995568685378
32,0061,0.11589403973509933
32,0121,0.15355805243445692
32,0141,0.08644859813084112
32,0171,0.1785063752276867
32,0181,0.12747252747252746
32,0202,1.0
32,0212,0.6455696202531646
32,0251,0.0997920997920998
32,0271,0.19651741293532338
32,0301,0.17578125
32,0491,0.09019607843137255
33,0021,0.1111111111111111
33,0024,0.0872093023255814
33,0111,0.20623501199040767
34,0021,0.15814696485623003
34,0022,0.18136439267886856
35,0031,0.15760869565217392
35,0041,0.18295218295218296
35,0061,0.1328976034858388
35,0067,0.17410714285714285
35,0068,0.15262172284644196
35,0069,0.19270239452679588
35,0071,0.253671562082777
35,0080,0.14160839160839161
35,0081,0.15003641660597233
35,0101,0.1837837837837838
35,0113,0.1736040609137056
35,0119,0.16144018583042974
35,0141,0.20527306967984935
35,0149,0.1111111111111111
35,0161,0.150066401062417
35,0181,0.11864406779661017
35,0211,0.11946591707659873
35,0213,0.15307971014492755
35,0231,0.15239294710327456
35,0241,0.1564245810055866
35,0251,0.21714285714285714
35,0261,0.10899390243902439
35,0271,0.1722560975609756
35,0281,0.14926829268292682
35,0291,0.11139896373056994
35,0351,0.18214716525934863
35,0382,0.20433017591339647
35,0401,0.14751286449399656
35,0411,0.14336075205640422
35,0481,0.14521926671459381
35,0521,0.16015625
35,0533,1.0
35,0536,0.8852459016393442
35,0541,0.11749680715197956
35,0551,0.15768463073852296
35,0561,0.1744
35,0571,0.21652892561983472
35,0591,0.15671641791044777
35,0597,0.15344827586206897
35,0631,0.17763157894736842
35,0697,0.18039624608967675
35,0701,0.12700729927007298
35,0801,0.1223021582733813
35,0901,0.15914351851851852
35,9018,0.1556420233463035
35,9028,0.17687074829931973
35,9031,0.087248322147651
35,9041,0.07890222984562607
36,0081,0.156312625250501
36,0091,0.12391093901258471
36,0093,0.13994169096209913
36,0121,0.10894941634241245
36,0131,0.11589895988112928
36,0133,0.12728937728937728
36,0141,0.11333333333333333
36,0152,0.16129032258064516
36,0161,0.1512770137524558
36,0162,0.15902964959568733
36,0181,0.14751286449399656
36,0191,0.06936416184971098
36,0201,0.10185185185185185
36,0211,0.13915857605177995
36,0221,0.09927983539094651
36,0231,0.1109979633401222
36,0241,0.11261457878655609
36,0242,0.13531598513011153
36,0251,0.09421841541755889
36,0261,0.18099547511312217
36,0291,0.10648714810281518
36,0301,0.11813643926788686
36,0311,0.08892438764643237
36,0321,0.0855106888361045
36,0331,0.12369337979094076
36,0341,0.11914893617021277
36,0351,0.11896243291592129
36,0361,0.07575757575757576
36,0371,0.15440508628519528
36,0381,0.09358752166377816
36,0382,0.12093023255813953
36,0391,0.18412348401323042
36,0401,0.18671248568155785
36,0421,0.1331615120274914
36,0431,0.09251101321585903
36,0461,0.13287671232876713
36,0471,0.12026515151515152
36,0491,0.12699350265800355
36,0511,0.1262493424513414
36,0521,0.08
36,0531,0.13531967721911856
36,0561,0.09752747252747253
36,0571,0.1628630705394191
36,0572,0.1471264367816092
36,0582,0.1211667913238594
36,0591,0.10535405872193437
36,0592,0.09090909090909091
36,0597,0.1299492385786802
36,0601,0.12332439678284182
36,0611,0.14541387024608501
36,0621,0.09763681592039801
36,0631,0.14192139737991266
36,0641,0.14078674948240166
36,0651,1.0
36,0671,0.08684863523573201
36,0672,0.12
36,0681,0.11848958333333333
36,0691,0.12979351032448377
36,0701,1.0
36,0711,0.13529921942758022
36,0712,0.13818722139673106
36,0721,0.12716763005780346
36,0722,0.13649851632047477
36,0731,0.09732360097323602
36,0734,0.136310223266745
36,0741,0.13528138528138528
36,0745,0.12130479102956167
36,0751,0.1796875
36,0761,0.13100436681222707
36,0762,0.15510718789407313
36,0763,0.0594059405940594
36,0771,0.11991869918699187
36,0772,0.125
36,0781,0.13773148148148148
36,0791,0.14727272727272728
36,0801,0.11587485515643106
36,0811,0.14758620689655172
36,0821,0.14028436018957346
36,0831,0.1192521475492673
36,0841,0.08862629246676514
36,0851,0.16511085180863477
36,0861,0.13488114980652294
36,4102,0.05388760585065435
36,4103,0.044964028776978415
36,4111,0.04874213836477988
36,4121,0.0661625708884688
36,4141,0.05783385909568875
36,4143,0.03798882681564246
36,4151,0.04834605597964377
36,4171,0.057279236276849645
36,4181,0.042796005706134094
36,4212,0.2222222222222222
36,4221,0.21311475409836064
36,4223,0.1937984496124031
36,4242,0.20833333333333334
36,4251,0.1943127962085308
36,4261,0.05429864253393665
36,4274,0.14583333333333334
36,4281,0.07172131147540983
36,4302,0.22151898734177214
36,4303,0.21804511278195488
36,7004,0.04929577464788732
36,9450,1.0
37,0021,0.07620908646800195
37,0031,0.16170212765957448
37,0032,0.10736579275905118
37,0041,0.24604966139954854
37,0051,0.10836120401337793
37,0071,0.24818840579710144
37,0091,0.193158953722334
37,0092,0.15657142857142858
37,0131,0.22007722007722008
37,0161,0.1292418772563177
37,0171,0.3430232558139535
37,0191,0.28378378378378377
37,0204,0.1883289124668435
37,0222,0.1792452830188679
37,0231,0.183739837398374
37,0291,0.16898608349900596
37,0311,0.2818181818181818
37,0381,0.10499490316004077
37,0401,0.20304568527918782
37,0411,0.9941860465116279
37,0421,0.17795275590551182
37,0431,0.1700404858299595
37,0441,0.17560975609756097
37,0451,0.12305854241338113
37,0452,1.0
37,0481,0.15057471264367817
37,0491,0.23938223938223938
37,0501,0.27871621621621623
37,0511,0.15578635014836795
37,0521,0.12534818941504178
37,0531,0.11956521739130435
37,0561,0.18087855297157623
37,1091,0.09921026653504442
37,1131,0.14521841794569068
37,1141,0.06921241050119331
37,1151,0.1354916067146283
37,1161,0.17841726618705037
37,1171,0.1937354988399072
37,1181,0.16448326055312956
37,1201,0.09559512652296158
37,1202,0.17254901960784313
37,1211,0.2909090909090909
37,1402,0.10538116591928251
37,1425,0.09004739336492891
37,1441,0.09812108559498957
37,1444,0.10749185667752444
38,0021,0.20909090909090908
38,0041,0.156
38,0051,0.14355828220858896
38,0060,0.28703703703703703
38,0062,0.2823529411764706
38,0091,0.17958783120706576
38,0092,0.1711229946524064
38,0111,0.14957264957264957
38,0231,0.15625
38,0241,0.15404699738903394
38,1011,0.1724709784411277
39,0021,0.1323529411764706
39,0031,0.2202020202020202
39,0041,0.15598885793871867
40,0011,0.1411764705882353
40,0041,0.2178714859437751
40,0091,0.16129032258064516
40,0101,0.19724770642201836
40,0111,0.22842639593908629
40,0121,0.07407407407407407
40,0122,0.09740259740259741
40,0950,0.2631578947368421
41,0031,0.11155378486055777
41,0051,0.19863013698630136
41,0061,0.18281036834924966
41,0072,0.14381270903010032
41,0151,0.24879227053140096
41,0181,0.13816081741448244
41,0221,0.2157394843962008
41,0231,0.14661654135338345
41,0261,0.23902439024390243
41,0271,0.2509727626459144
41,0281,0.20822622107969152
41,0291,0.17495987158908508
41,0301,0.17896174863387979
41,0351,0.14432989690721648
41,0381,0.15223097112860892
41,0411,0.17774762550881953
41,0421,0.20272572402044292
41,0431,0.13639035861258084
41,0521,0.2662337662337662
41,0541,0.22868217054263565
41,0571,0.11764705882352941
41,0581,0.22344322344322345
41,0601,0.2168284789644013
41,0611,0.1863186318631863
41,0621,0.23574144486692014
41,0631,0.20794392523364486
41,0641,0.21474358974358973
41,0651,0.1932367149758454
41,0652,0.15069767441860465
41,0671,0.22044728434504793
41,0681,0.16137931034482758
41,0691,0.050100200400801605
41,0701,0.17223650385604114
41,0711,0.12916328188464662
41,0721,0.08118081180811808
41,0731,0.15901060070671377
41,0741,0.19440124416796267
41,0752,0.09768637532133675
41,0761,0.19962157048249762
41,0762,0.10854616895874264
41,0771,0.12853470437017994
41,0781,0.2067620286085826
41,0791,0.15597075548334688
41,0801,0.11741935483870967
41,0811,0.14066193853427897
41,0821,0.13703703703703704
41,0842,0.1588861588861589
41,2011,1.0
41,2019,0.14102564102564102
41,2101,0.12716763005780346
41,2102,0.06701030927835051
41,2104,0.07447306791569086
41,2120,0.08167330677290836
41,2121,0.1141439205955335
41,2122,0.16806722689075632
41,2123,0.11532125205930807
41,2124,0.10905730129390019
41,2131,0.15934065934065933
41,2141,0.02495201535508637
41,2161,0.14705882352941177
41,2171,0.14052287581699346
41,2173,0.1987179487179487
42,0051,0.10849056603773585
42,0071,0.1918158567774936
42,0091,0.18830242510699002
42,0101,0.15717092337917485
42,0162,0.17191283292978207
42,0172,0.11578947368421053
42,0181,0.16890881913303438
42,0191,0.11662531017369727
42,0211,0.12385321100917432
42,0221,0.17161410018552875
42,0251,0.19677790563866512
42,0281,0.14450354609929078
42,0291,0.057777777777777775
42,0311,0.043923865300146414
42,0331,0.16362252663622526
42,0341,0.16891891891891891
42,0351,0.124373576309795
42,0361,0.10847107438016529
42,0381,0.13730569948186527
42,0391,0.16269284712482468
42,0401,0.15789473684210525
42,0431,0.14886164623467601
42,0461,0.1117898594990837
42,0471,1.0
42,0491,0.16522811344019728
42,0501,0.16610169491525423
42,0521,0.15521628498727735
42,0531,0.17131474103585656
42,0541,0.1728395061728395
42,0551,0.12519561815336464
42,0561,0.16459627329192547
42,0571,0.12679425837320574
42,0581,0.13100436681222707
42,0591,0.18823529411764706
42,0611,0.2963464140730717
42,0621,0.13829787234042554
42,0631,0.1299093655589124
42,0641,0.14981949458483754
42,0651,0.15609756097560976
42,0661,0.14125
42,0671,0.16715542521994134
42,0681,0.16055045871559634
42,0691,0.13782302270947533
42,0701,0.10943963896201579
42,0711,0.14532019704433496
42,0721,0.1404561824729892
42,0731,0.21973094170403587
42,0741,0.1508034610630408
42,9401,0.18471337579617833
42,9670,0.16818181818181818
42,9690,0.1411764705882353
42,9695,0.1276595744680851
42,9731,0.9509803921568627
42,9734,0.22641509433962265
43,0021,0.1618828932261768
43,0025,0.17412140575079874
43,0031,0.13406795224977044
43,0051,0.16666666666666666
43,0061,0.1498422712933754
43,0070,1.0
43,0073,0.3020833333333333
43,0081,0.12534818941504178
43,0101,0.17752234993614305
43,0111,0.15815485996705106
43,0131,0.16198125836680052
43,0211,0.23299319727891157
43,0221,0.17405063291139242
43,0241,0.11323681489141675
43,0291,0.12436548223350254
43,0294,0.5176470588235295
43,0301,0.1753472222222222
43,0321,0.1270611057225994
43,0331,0.21043478260869566
43,0341,0.16830065359477125
43,0351,0.11859838274932614
43,0361,0.10318949343339587
43,0371,0.13991163475699558
43,0400,0.05622489959839357
44,0041,0.14147018030513175
44,0101,0.14988104678826328
44,0111,0.20454545454545456
44,0131,0.17398119122257052
44,0161,0.20069204152249134
44,0201,0.20228384991843393
44,0251,0.17758620689655172
44,0291,0.15537383177570094
44,0311,0.2508833922261484
44,0321,0.15547024952015356
44,0341,0.09724770642201835
44,0351,0.07751937984496124
44,0371,0.1461187214611872
44,0381,0.11
44,0382,0.3
44,0391,0.14772727272727273
45,0031,0.12645348837209303
45,0071,0.17767295597484276
45,0081,0.16449511400651465
45,0102,0.1643646408839779
45,0121,0.17339312406576982
45,0131,0.14213197969543148
45,0151,0.1296551724137931
45,0181,0.18181818181818182
45,0191,0.11817279046673287
45,0221,0.1590909090909091
45,0231,0.12853863810252486
45,0241,0.15841584158415842
45,0242,0.22893258426966293
45,0261,0.17114093959731544
45,0271,0.22099447513812154
45,0291,0.12966804979253113
46,0031,0.2817204301075269
46,0041,0.15641711229946523
46,0051,0.11404561824729892
46,0082,0.17825311942959002
46,0092,0.15558194774346792
46,0121,0.11363636363636363
46,0131,0.11471861471861472
46,0151,0.16546762589928057
46,0161,0.10424710424710425
46,0201,0.1763157894736842
46,0211,0.08213944603629417
46,0222,0.20114285714285715
46,0241,1.0
46,0251,0.16842105263157894
46,0271,0.20694645441389292
46,0281,0.16
46,0431,0.1674491392801252
46,0541,0.17993079584775087
46,0561,0.18072289156626506
46,0571,0.12610340479192939
46,0581,0.11965811965811966
46,0601,0.1321564885496183
46,0621,0.2262295081967213
46,0631,0.1761467889908257
46,0641,0.11744186046511627
46,0651,0.21473158551810237
46,0671,0.25098554533508544
46,0681,0.1780821917808219
46,0701,0.30097087378640774
46,0721,0.16129032258064516
46,0731,0.18577981651376146
46,0741,0.10785340314136126
46,0751,0.1522198731501057
46,0761,0.19514472455648926
46,0771,0.11578947368421053
46,0791,0.234375
46,0801,1.0
46,7023,0.0942622950819672
46,9800,0.24899598393574296
46,9807,0.09433962264150944
46,9812,0.23076923076923078
47,0031,0.16729323308270677
47,0101,0.1853146853146853
47,0112,0.2268041237113402
47,0113,0.46745562130177515
47,0121,0.25277777777777777
47,0161,0.18940609951845908
47,0171,0.21299093655589124
47,0181,0.2331511839708561
47,0201,0.2193211488250653
47,9101,0.3132530120481928
48,0011,1.0
48,0031,0.84
48,0032,1.0
48,0033,0.0902461257976299
48,0040,0.12857142857142856
48,0053,0.13966480446927373
48,0055,1.0
48,0061,0.06636155606407322
48,0065,0.8848484848484849
48,0068,0.68
48,0070,0.6118421052631579
48,0072,0.10986964618249534
48,0074,0.16129032258064516
48,0080,0.08666666666666667
48,0084,0.144
48,0085,0.13402061855670103
48,0089,0.03394495412844037
48,0090,0.6198630136986302
48,0111,0.0953375086986778
48,0119,0.08372093023255814
48,0120,0.19696969696969696
48,0121,0.09271194843827467
48,0122,0.23129251700680273
48,0131,0.046351084812623275
48,0133,0.07278165503489531
48,0141,0.09954751131221719
48,0142,1.0
48,0146,0.08577405857740586
48,0149,0.056338028169014086
48,0151,0.15442092154420922
48,0152,0.23529411764705882
48,0155,0.07112970711297072
48,0156,0.1664564943253468
48,0163,0.28688524590163933
48,0172,0.04455445544554455
48,0177,1.0
48,0182,0.06878306878306878
48,0183,1.0
48,0185,0.12132024977698483
48,0200,0.05056179775280899
48,0201,0.049738219895287955
48,0202,0.1461794019933555
48,0203,0.11009174311926606
48,0204,0.0420032310177706
48,0206,0.08333333333333333
48,0212,0.07960893854748603
48,0213,0.17099236641221374
48,0214,0.1226158038147139
48,0215,0.17381974248927037
48,0216,0.07885906040268456
48,0217,0.1499312242090784
48,0221,0.1650326797385621
48,0222,0.06839622641509434
48,0231,0.1091127098321343
48,0232,0.08564814814814815
48,0235,0.12101063829787234
48,0236,0.09577464788732394
48,0241,0.12863705972434916
48,0242,0.1277056277056277
48,0245,0.07250996015936255
48,0251,0.10067114093959731
48,0252,0.08928571428571429
48,0253,0.09531772575250837
48,0259,0.13122923588039867
48,0261,0.12238325281803543
48,0271,0.07308970099667775
48,0282,0.09233610341643583
48,0301,0.14072847682119205
48,0311,0.13126491646778043
48,0321,0.11976047904191617
48,0322,0.09926470588235294
48,0331,0.06900878293601004
48,0342,0.0803834808259587
48,0352,0.10903083700440529
48,0361,0.07948243992606285
48,0381,0.05219985085756898
48,0401,0.13379073756432247
48,0421,0.1348314606741573
48,0431,0.10547667342799188
48,0441,0.5483870967741935
48,0461,0.11920529801324503
48,0511,0.1509433962264151
48,0521,0.20357142857142857
48,0531,0.10397196261682243
48,0541,0.12763320941759604
48,0551,0.210896309314587
48,0561,0.09009009009009009
48,0571,0.11036539895600299
48,0581,0.13174273858921162
48,0591,1.0
48,0611,0.1675213675213675
48,0621,0.08555399719495091
48,0631,0.10164271047227925
48,0641,0.07567567567567568
48,0651,0.12290502793296089
48,0661,0.13076697032030563
48,0671,0.1021868787276342
48,0681,0.11636363636363636
48,0691,0.09118773946360154
48,0701,0.1364256480218281
48,0711,0.09523809523809523
48,0721,0.12023121387283237
48,0731,0.09182389937106918
48,0741,0.17303370786516853
48,0751,0.15658362989323843
48,0771,0.07181719260065289
48,0781,0.10047846889952153
48,0791,0.09109311740890688
48,0811,0.05555555555555555
48,0821,0.07152875175315568
48,0831,0.13109756097560976
48,0841,0.05405405405405406
48,0851,0.08957055214723926
48,0861,0.12348178137651822
48,0871,0.1713810316139767
48,0881,0.12061068702290076
48,0891,0.10862068965517241
48,0901,0.15296803652968036
48,0911,0.1649616368286445
48,0921,0.09664209664209664
48,0931,0.07142857142857142
48,0941,0.10832383124287344
48,0961,0.1513353115727003
48,0971,0.13911845730027547
48,0981,0.13307984790874525
48,0991,0.1279683377308707
48,1001,0.11905600563578725
48,1002,0.2845849802371542
48,1009,0.10606060606060606
48,1010,0.07400194741966894
48,1011,0.1718555417185554
48,1014,0.1261730969760167
48,1021,0.08422664624808576
48,1031,0.08575380359612725
48,1041,0.14580645161290323
48,1051,0.05695266272189349
48,1061,0.09499575911789652
48,1071,0.04809286898839138
48,1081,0.15858453473132372
48,1091,0.08493150684931507
48,1111,0.0931615460852329
48,1121,0.11320754716981132
48,1133,0.08086469175340272
48,1141,0.0776255707762557
48,1151,0.111
48,1171,0.08442503639010189
48,1181,0.06624605678233439
48,1191,0.08176795580110498
48,1201,0.027972027972027972
48,1221,0.21256931608133087
48,1231,0.08534850640113797
48,1241,0.10764587525150905
48,1251,0.12286689419795221
48,1261,0.07859733978234583
48,1271,0.08755760368663594
48,1281,0.13997879109225875
48,1282,0.08723135271807839
48,1291,0.08294930875576037
48,1321,0.10541310541310542
48,1331,0.07712765957446809
48,1341,0.0846774193548387
48,1351,0.08273381294964029
48,1361,0.07838983050847458
48,1371,0.11632270168855535
48,1381,0.15478615071283094
48,1391,0.13144590495449948
48,1392,0.047372954349698536
48,1401,0.10412926391382406
48,1411,0.08137108792846498
48,1421,0.1174934725848564
48,1431,0.07142857142857142
48,1441,0.16374269005847952
48,1451,0.08545454545454545
48,1461,0.19953596287703015
48,1482,0.06957186544342507
48,1491,0.10722100656455143
48,1492,0.09027081243731194
48,1501,0.1203883495145631
48,1511,0.08823529411764706
48,1521,0.10204687036487689
48,1531,0.10025706940874037
48,1541,0.2
48,1542,0.12879484820607176
48,1551,0.17088055797733218
48,1553,0.06983511154219205
48,1561,0.9927536231884058
48,1562,0.07578008915304606
48,1571,0.13786764705882354
48,1582,0.0985781990521327
48,1591,0.13305898491083676
48,1601,0.1594488188976378
48,1611,0.15665236051502146
48,1612,0.0735826296743064
48,1621,0.10292397660818714
48,1631,0.08369283865401209
48,1632,0.06215554194733619
48,1651,0.08370436331255565
48,1662,0.06666666666666667
48,1671,0.1689497716894977
48,1681,0.12982744453574363
48,1682,0.1278538812785388
48,1702,0.0905109489051095
48,1703,0.10492700729927007
48,1731,0.09572901325478646
48,1741,0.08442211055276382
48,1751,0.12510288065843622
48,1752,0.11140939597315436
48,1762,0.06480061349693252
48,1763,0.09188660801564028
48,1771,0.11384217335058215
48,1776,0.09110396570203644
48,1791,0.08731241473396999
48,1801,0.136074400391581
48,1811,0.2028301886792453
48,1821,0.08767123287671233
48,1831,0.075
48,1841,0.15412186379928317
48,1851,0.07788944723618091
48,1852,0.08360128617363344
48,1861,0.08820403825717323
48,1871,0.0779436152570481
48,1908,0.05184743742550656
48,1911,0.11158493248045487
48,1921,0.11968348170128586
48,1931,0.0734006734006734
48,1941,0.08547008547008547
48,1951,0.07042253521126761
48,1971,0.1256198347107438
48,1991,0.05646036916395222
48,5711,0.12365250475586556
48,5841,0.09426987060998152
48,5861,0.10747663551401869
48,5871,0.12740384615384615
49,0005,0.09961522017956391
49,0011,0.10054347826086957
49,0040,0.11505791505791506
49,0041,0.1568836712913554
49,0042,0.11241446725317693
49,0043,0.14205607476635515
49,0061,0.15767045454545456
49,0071,0.1425233644859813
49,0081,0.12079448723145521
49,0091,0.1566390041493776
49,0101,0.1135005973715651
49,0111,0.14314115308151093
49,0149,0.0755813953488372
49,0152,0.0791628753412193
49,0153,0.05934718100890208
49,0155,0.125
49,0161,0.12595419847328243
49,0162,0.07969639468690702
49,0163,0.06277056277056277
49,0171,0.05157593123209169
49,0181,0.05194805194805195
49,0184,0.0334075723830735
49,0185,0.04918032786885246
49,0191,0.08222222222222222
49,0201,0.12135036496350365
49,0202,0.14444444444444443
49,0251,0.1610738255033557
49,0271,0.233587786259542
49,0272,0.15241379310344827
49,0300,0.15007656967840735
49,0301,0.1409090909090909
49,0302,0.09358128374325135
49,0311,0.1255639097744361
49,0321,0.13109048723897912
49,0341,0.1504491017964072
49,0401,0.11608391608391608
49,0501,0.1411530815109344
49,0601,0.12030075187969924
49,0701,0.11363636363636363
49,0711,0.07380796864794252
49,0801,0.13568521031207598
49,0811,0.15345911949685534
49,0821,0.11758584807492195
49,0831,0.17128027681660898
49,0841,0.12980769230769232
49,0842,0.14320625610948193
49,0851,0.17335473515248795
49,0853,0.03375527426160337
49,0862,0.031067961165048542
49,0863,0.04853387259858443
49,0866,0.06282051282051282
49,0881,0.05309734513274336
49,0900,0.6779661016949152
49,0901,0.20447284345047922
49,0902,0.08974840405557642
49,0904,0.1247086247086247
49,0916,0.07535641547861507
49,0921,0.022292993630573247
49,0922,0.10528942115768464
49,0931,0.09674418604651162
49,0932,0.08695652173913043
49,0933,0.13073852295409183
49,0957,0.11871508379888268
49,0958,0.15418994413407822
49,0959,0.15757575757575756
49,0961,0.14952279957582185
49,9003,0.13095238095238096
49,9036,0.24242424242424243
50,0011,0.23690773067331672
50,0012,0.1549079754601227
50,0021,0.18149210903873744
50,0031,0.09768009768009768
50,0051,0.09910913140311804
50,0061,0.1543340380549683
50,0071,0.10215053763440861
50,0081,0.11659764256132527
50,0101,0.31710709318497915
50,0111,0.1313969571230982
50,0121,0.22807017543859648
50,0131,0.1371308016877637
50,0141,0.13297872340425532
50,0151,0.02451288497800126
50,0191,0.11799410029498525
50,0201,0.1802030456852792
50,0211,0.18906605922551253
50,0271,0.11052631578947368
50,0281,0.15284715284715283
50,0291,0.10403120936280884
50,0311,0.16573556797020483
50,0341,0.2046783625730994
50,0351,0.17900172117039587
50,0361,0.11869918699186992
50,0395,0.026772793053545588
50,0421,0.09921671018276762
50,0481,0.15289765721331688
50,0531,0.22980251346499103
50,0541,0.21843003412969283
50,0561,0.16112084063047286
50,0572,0.15807560137457044
50,0581,0.14483319772172498
50,0591,0.2677878395860285
50,0601,0.09918845807033363
50,0611,0.15825977301387137
50,0621,0.1967821782178218
50,0631,0.14453125
50,0651,0.13711583924349882
50,0661,0.1319052987598647
50,0671,0.10947712418300654
50,0681,0.153954802259887
50,0691,0.161210111893908
50,0741,0.11565420560747663
50,0751,0.33463796477495106
50,0761,0.2693156732891832
50,0771,0.23917995444191345
50,0781,0.1649746192893401
50,0791,0.1684981684981685
50,0821,0.1410459587955626
50,0831,0.13051823416506717
50,0842,0.3194444444444444
50,0862,0.1046461137646548
50,0871,0.12735849056603774
50,0881,0.10714285714285714
50,0911,0.1791767554479419
50,0931,0.24815983175604628
50,0951,0.1352112676056338
50,0961,0.10802012429712933
50,1101,0.13973799126637554
50,1232,0.22481751824817517
50,1241,0.21288515406162464
50,1251,0.1386861313868613
50,1321,0.12367491166077739
50,1361,0.12507106310403637
50,1371,0.1699561403508772
50,1391,0.1691948658109685
50,1401,0.10509031198686371
50,1411,0.1386861313868613
50,1421,0.18315508021390375
50,1441,0.16115702479338842
50,1451,0.1308411214953271
50,1461,0.07733333333333334
50,1491,0.16418875242404654
50,1531,0.1300745650372825
50,1541,0.3988439306358382
50,1571,0.1908675799086758
50,1581,0.19224683544303797
50,1611,0.1406679764243615
50,1651,0.14407814407814407
50,1661,0.08984725965858041
50,1671,0.23978494623655913
50,1681,0.09270455461507457
50,1691,0.18829516539440203
50,1701,0.15367316341829085
50,1711,0.3904282115869018
50,1731,0.15261324041811847
50,1741,0.10760869565217392
50,1751,0.1417910447761194
50,1761,0.1475195822454308
50,1771,0.23085714285714284
50,1781,0.1645021645021645
50,1801,0.9870466321243523
50,1811,0.23894862604540024
50,1821,0.16311080523055746
50,1831,0.25878594249201275
50,1851,0.17173822426010837
50,1861,0.1546875
50,1871,0.1402061855670103
50,1891,0.23641851106639838
50,1901,0.3203252032520325
50,1911,0.12335958005249344
50,1921,0.1476261127596439
50,1931,0.1325811001410437
50,1941,0.1277056277056277
50,1951,0.11335012594458438
50,1961,0.22514285714285714
50,1971,0.22627182991647685
50,1981,0.22279129321382843
50,1991,0.11473183978275628
50,2001,0.13029421273844163
50,2011,0.1936444885799404
50,2031,0.1603864734299517
50,2041,0.16576964477933262
50,2051,0.19298245614035087
50,2071,0.1356382978723404
50,2081,0.11322751322751323
50,2091,0.11919504643962849
50,2101,0.13924050632911392
50,2121,0.18331226295828065
50,2131,0.19862424763542563
50,2141,0.21361058601134217
50,2151,0.14615907545887152
50,2161,0.21630804077010193
50,2181,0.13339466421343146
50,2191,0.12074303405572756
50,2201,0.15451014242555028
50,2241,0.16853035143769968
50,2301,0.19707317073170733
50,2331,0.1655112651646447
50,2351,0.2436548223350254
50,2361,0.18158730158730158
50,2371,0.2236503856041131
50,2401,0.16194331983805668
50,2411,1.0
50,2421,0.18433179723502305
50,2431,0.11995386389850057
50,2451,0.16652136006974716
50,2461,0.14060356652949246
50,2491,0.14423076923076922
50,2511,0.03041274438812455
50,2521,1.0
50,2541,0.13378378378378378
50,2551,0.16333333333333333
50,2561,0.12513144058885384
50,2571,0.11124845488257108
50,2581,0.19188921859545005
50,2591,0.15772870662460567
50,2611,0.14205607476635515
50,2621,0.11103047895500726
50,2631,0.11973898858075041
50,2671,0.17835178351783518
50,2691,0.17640807651434645
50,2701,0.21244635193133046
50,2711,0.08942457231726283
50,2721,0.18495297805642633
50,2731,0.13135593220338984
50,2741,0.17385057471264367
50,2751,0.22736418511066397
50,2761,0.13970588235294118
50,2781,0.17166979362101314
50,2801,0.13683010262257697
50,2811,0.19285714285714287
50,2821,0.16576819407008087
50,2861,0.1894273127753304
50,2911,0.10325047801147227
50,2941,0.9969879518072289
50,3006,0.3404255319148936
50,3024,0.2564102564102564
50,3083,1.0
50,3251,0.09246729815065403
50,3261,0.22924411400247832
50,3341,0.149032992036405
50,3351,0.1701388888888889
50,3354,0.30434782608695654
50,3355,0.28125
50,3361,0.16529680365296803
50,3371,0.19296875
50,3381,0.14202898550724638
50,3382,0.15053763440860216
50,3385,0.13270142180094788
50,3391,1.0
50,3394,0.25274725274725274
50,3395,0.13846153846153847
50,3396,0.11345029239766082
50,3398,0.2871287128712871
50,3400,1.0
50,3401,0.20447284345047922
50,3413,0.0893854748603352
50,3421,0.16216216216216217
50,3431,0.09859154929577464
50,3441,0.16911764705882354
50,3861,0.1633211678832117
50,3924,0.21390374331550802
50,3941,0.11428571428571428
50,3961,0.12222222222222222
50,3971,0.17551963048498845
50,4000,0.17989417989417988
50,4001,0.08651911468812877
50,4002,0.09739633558341369
50,4012,0.07840772014475271
50,4013,0.07369758576874205
50,4020,0.08108108108108109
50,4021,0.08059701492537313
50,4050,0.06499261447562776
50,4051,0.08211473565804274
50,4061,0.11294765840220386
50,4080,0.09824561403508772
50,4081,0.20610687022900764
50,4090,0.13392857142857142
50,4091,0.13191489361702127
50,4100,1.0
50,4102,0.1076388888888889
50,4103,0.1016949152542373
51,0021,0.1411764705882353
51,0031,0.140893470790378
51,0032,0.13709677419354838
51,0057,0.12261753494282084
51,0059,0.1587708066581306
51,0060,0.24754098360655738
51,0061,0.18213058419243985
51,0063,0.159804605722261
51,0065,0.1717171717171717
51,0069,0.18181818181818182
51,0070,0.22965116279069767
51,0071,0.16065192083818394
51,0072,0.18995633187772926
51,0073,0.10638297872340426
51,0074,0.24563953488372092
51,0082,0.17212121212121212
51,0083,0.20998531571218795
51,0084,0.15312916111850866
51,0085,0.16876971608832808
51,0086,0.12370466321243523
51,0089,0.18856569709127383
51,0090,0.13243243243243244
51,0091,0.1971995332555426
51,0092,0.17427884615384615
51,0093,0.2353870458135861
51,0100,0.1471790678659035
51,0101,0.09154228855721393
51,0102,0.19919110212335692
51,0103,0.17701453104359313
51,0110,0.1367741935483871
51,0112,0.17045454545454544
51,0113,0.13935810810810811
51,0114,0.1474758933635848
51,0117,0.13646788990825687
51,0119,0.12469135802469136
51,0120,0.1512770137524558
51,0121,0.22018348623853212
51,0122,0.14175654853620956
51,0123,0.10248901903367497
51,0125,0.1419753086419753
51,0128,0.20817843866171004
51,0131,0.16993906567366282
51,0132,0.14861751152073732
51,0201,0.19001085776330076
51,0211,0.2356902356902357
51,0242,0.22764227642276422
51,0251,0.18075801749271136
51,0261,0.2359081419624217
51,0271,0.2717872968980798
51,0301,0.12908777969018934
51,0311,0.29635258358662614
51,0321,0.1536050156739812
51,0331,0.20179372197309417
51,0341,0.27247191011235955
51,0342,0.18369829683698297
51,0351,0.17173524150268335
51,0401,0.29936305732484075
51,0411,0.22125813449023862
51,0421,0.21912350597609562
51,0451,0.18059701492537314
51,0461,0.12878787878787878
51,0471,0.12082574377656345
51,0472,0.17527519051651144
51,0501,0.2630718954248366
51,0521,0.2038327526132404
51,0701,0.1731301939058172
51,0801,0.08586956521739131
51,0901,0.16546762589928057
51,0902,0.21043478260869566
51,0911,0.13246753246753246
51,0921,0.14095238095238094
51,0932,0.17543859649122806
51,0941,0.21487603305785125
51,0951,0.18694362017804153
51,0961,0.18760469011725292
51,2061,0.11586452762923351
51,2071,0.16253869969040247
51,2081,0.1607669616519174
51,2091,0.18489583333333334
51,4301,0.0693196405648267
51,4302,0.10374149659863946
51,4307,0.06395348837209303
51,4321,0.06685236768802229
51,4323,0.0660024906600249
51,4326,0.09928229665071771
51,4327,0.24311926605504589
51,4328,1.0
51,4329,0.06923076923076923
51,4330,0.07868852459016394
51,4331,0.11458333333333333
51,7004,0.046948356807511735
51,7071,0.25
52,0051,0.2113289760348584
52,0111,0.21510673234811165
52,0121,0.16248506571087215
52,0131,0.2157258064516129
52,0141,0.09192546583850932
52,0151,0.11443433029908973
52,0161,0.07202680067001675
52,0171,0.14436958614051973
52,0231,0.07727975270479134
52,0251,0.16587677725118483
52,0271,0.16714697406340057
52,0321,0.17372262773722627
52,0371,0.18478260869565216
52,0391,0.17208413001912046
52,0431,0.08932714617169374
52,0441,0.138801261829653
52,0481,0.23176661264181522
52,0531,0.11468970934799685
52,0681,1.0
52,0711,0.10344827586206896
52,0731,0.025
52,0751,0.10829741379310345
52,0811,0.23093681917211328
52,0851,0.18832116788321168
52,0981,0.14545454545454545
52,0991,0.16248348745046234
52,1031,0.11367380560131796
52,1071,0.23684210526315788
52,1081,0.13106060606060607
52,1091,0.1396484375
52,1131,0.14574314574314573
52,1211,0.19469026548672566
52,1261,0.17719298245614035
52,1281,0.11071107110711072
52,1331,0.16862745098039217
52,1341,0.1706924315619968
52,1361,0.29724770642201837
52,1421,0.17477203647416414
52,1471,0.16521739130434782
52,1481,0.14563106796116504
52,1531,0.16048317515099222
52,1691,0.13841368584758942
52,1781,0.136986301369863
52,1801,1.0
52,1811,0.20268256333830104
52,1821,0.15625
52,1961,0.08985507246376812
52,2021,0.16886543535620052
52,2031,0.07608695652173914
52,2081,0.08274111675126904
52,2141,0.1130820399113082
52,2151,0.33268101761252444
52,2261,0.07976794778825236
52,2281,0.18762088974854932
52,2301,0.23511450381679388
52,2321,0.18563432835820895
52,2371,0.1715686274509804
52,2381,0.05228758169934641
52,2431,0.13804713804713806
52,2531,0.19621749408983452
52,2581,1.0
52,2641,0.09860859044162129
52,2691,0.2479108635097493
52,2791,0.22037037037037038
52,2821,0.13565891472868216
52,2861,0.12598425196850394
52,2921,0.19203413940256045
52,2961,0.15833333333333333
52,3021,0.16976127320954906
52,3031,0.07159487776484284
52,3041,0.17729908864954433
52,3071,0.15945611866501855
52,3131,0.06554307116104868
52,3191,0.09315286624203821
52,3231,1.0
52,3281,0.07112068965517242
52,3341,0.375
52,3361,0.18729641693811075
52,3371,0.10982658959537572
52,3391,0.1310592459605027
52,3411,0.14116652578191038
52,3421,0.08879919273461151
52,3431,0.1891156462585034
52,3461,0.20610687022900764
52,3511,0.08448753462603878
52,3731,0.16017316017316016
52,3741,0.1135407905803196
52,3751,0.19769357495881384
52,3761,0.09075043630017451
52,3781,0.0539440203562341
52,3851,0.258160237388724
52,3871,0.1791907514450867
52,3911,0.2206405693950178
52,3921,0.09725158562367865
52,3931,0.11924119241192412
52,3961,0.24855491329479767
52,4021,0.18238993710691823
52,4061,0.0968586387434555
52,4121,0.15210355987055016
52,4171,0.16031746031746033
52,4331,0.12893553223388307
52,4351,0.12950819672131147
52,4381,0.12030075187969924
52,4491,0.17092651757188498
52,4521,0.07630813953488372
52,4581,0.09641532756489493
52,4591,0.17574931880108993
52,4611,0.10201912858660998
52,4631,0.10106382978723404
52,4661,0.08088235294117647
52,4681,0.04409448818897638
52,4701,0.1824175824175824
52,4771,0.11844331641285956
52,4931,0.22093023255813954
52,6181,0.0774395702775291
52,6251,0.13090909090909092
52,6261,0.13676286072772897
52,6271,0.10477657935285054
52,6281,0.17410714285714285
52,6311,0.10179640718562874
52,6361,0.21393034825870647
52,6371,0.11272727272727273
52,6391,0.035443037974683546
52,7071,0.16964285714285715
52,7081,0.9949748743718593
52,7131,0.061971830985915494
52,7151,0.05675146771037182
52,7171,0.08409090909090909
52,7181,0.06889352818371608
52,7201,0.12087912087912088
52,7271,0.10185185185185185
52,7281,0.049723756906077346
52,7291,0.050492610837438424
52,7331,0.0391304347826087
52,7381,0.06925207756232687
52,7481,0.06887052341597796
52,7491,0.12751677852348994
52,7581,0.07162534435261708
52,7681,0.08900523560209424
52,7731,0.1546134663341646
52,7781,0.07603686635944701
53,0031,0.09358669833729216
53,0043,0.03543913713405239
53,0051,0.23566084788029926
53,0061,0.17782909930715934
53,0081,0.13385826771653545
53,0091,0.15764331210191082
53,0092,1.0
53,0101,0.21212121212121213
53,0131,0.12009237875288684
53,0151,0.14244604316546763
53,0181,0.13876967095851217
53,0191,0.13
53,0201,0.19027777777777777
53,0231,0.178743961352657
53,0251,0.05303030303030303
53,0261,0.05224787363304982
53,0311,0.048582995951417005
53,0321,0.15
53,0331,0.118508655126498
53,0341,0.10649087221095335
53,0361,0.12037037037037036
53,0391,0.045454545454545456
53,0401,0.05704407951598963
53,0441,0.10396825396825397
53,0481,0.09404659188955997
53,0491,0.15955983493810177
53,0531,0.033807829181494664
53,0571,0.1522911051212938
53,0591,0.1626733921815889
53,0601,0.16833095577746077
53,0611,0.12195121951219512
53,0621,0.0673076923076923
53,0631,0.16052060737527116
53,0651,0.10044977511244378
53,0661,1.0
53,0681,0.11208791208791209
53,0711,0.03826955074875208
53,0712,0.0407055630936228
53,0791,0.14947089947089948
53,0802,0.13098591549295774
53,0811,0.11608222490931076
53,0821,0.1733212341197822
53,0841,0.16143497757847533
53,0851,0.11138014527845036
53,0861,0.13405238828967642
53,0881,0.1482213438735178
53,0901,0.10866695996480423
53,0921,0.19391634980988592
53,0931,0.19865319865319866
53,0932,0.2764227642276423
53,0933,0.17133163698049195
53,0937,0.09251101321585903
53,0941,0.05
53,0961,0.22841726618705036
53,0962,1.0
53,1032,0.1503957783641161
53,1041,0.08743169398907104
53,1051,0.16315307057745188
53,1061,0.15492957746478872
53,1131,0.14668901927912825
53,1141,0.18163672654690619
53,1151,0.12244897959183673
53,1161,0.15986099044309296
53,1181,0.14285714285714285
53,1191,0.20465116279069767
53,1221,0.1417910447761194
53,1231,0.1619047619047619
53,1241,0.14067278287461774
53,1251,0.05755395683453238
53,1271,0.14741035856573706
53,1281,0.13450292397660818
53,1291,0.12149532710280374
53,1341,0.16666666666666666
53,1351,0.13565891472868216
53,1361,0.07407407407407407
53,1362,0.13241678726483358
53,1371,0.17337461300309598
53,1381,0.9527272727272728
53,1401,0.1687041564792176
53,1421,0.1257995735607676
53,1451,0.16145833333333334
53,1491,0.16489361702127658
53,1501,0.1781115879828326
53,1521,0.22526315789473683
53,1591,0.19480519480519481
53,1601,0.07166666666666667
53,1611,0.16333333333333333
53,1621,0.0594059405940594
53,1662,0.12386156648451731
53,1671,0.04402102496714849
53,1681,0.14402810304449648
53,1682,0.037037037037037035
53,1691,0.22857142857142856
53,1692,0.03916866506794564
53,1701,0.1545138888888889
53,1702,0.13064516129032258
53,1711,0.10546875
53,1721,0.08847867600254615
53,1731,0.12347560975609756
53,1751,0.22769953051643194
53,1761,0.15687789799072643
53,1762,0.11441144114411442
53,1771,0.13536776212832552
53,1781,0.09627329192546584
53,1791,0.09322709163346614
53,1801,0.14715719063545152
53,1811,0.17569786535303777
53,1821,0.14097968936678615
53,1831,0.17684887459807075
53,1841,0.11050477489768076
53,1851,0.20375
53,1861,0.06198347107438017
53,1881,0.1172069825436409
53,1891,0.08796895213454076
53,1901,0.1828358208955224
53,1908,0.14718019257221457
53,1921,0.19168591224018475
53,1931,0.10645724258289703
53,1941,0.1441543700340522
53,1951,0.07471264367816093
53,1961,0.06921487603305786
53,1971,0.15318744053282587
53,1981,0.048143053645116916
53,1991,0.123841059602649
53,7023,0.06282722513089005
53,8004,0.15135834411384216
53,8008,0.9144385026737968
53,8121,0.08962264150943396
53,8142,0.03765690376569038
53,8143,0.98828125
53,8171,0.06735751295336788
53,8181,0.07038123167155426
53,9003,0.9900990099009901
53,9225,0.18333333333333332
53,9228,0.30303030303030304
54,0041,0.2144638403990025
54,0051,0.13821138211382114
54,0061,0.08585858585858586
54,0071,0.26262626262626265
54,0091,0.2515923566878981
54,0101,0.21940928270042195
54,0112,0.19690576652601968
54,0113,0.2577639751552795
54,0121,0.21707317073170732
54,0151,0.13859910581222057
54,0171,0.2741020793950851
54,0201,0.20220588235294118
54,0211,0.250386398763524
54,0231,0.177007299270073
54,0251,0.19250253292806485
54,0261,0.12714776632302405
54,0301,0.13200723327305605
54,0321,1.0
54,0341,0.25806451612903225
54,0351,0.28305400372439476
55,0012,0.1377245508982036
55,0021,0.25
55,0032,0.3125
55,0033,0.6996587030716723
55,0061,1.0
55,0091,0.22950819672131148
55,0161,0.15756630265210608
55,0171,0.2
55,0181,0.17091114883984154
55,0201,0.29704797047970477
55,0241,0.13429752066115702
55,0251,0.08866057838660578
55,0261,0.19236883942766295
55,0301,0.21320495185694635
55,0311,0.10325203252032521
55,0321,0.14623000761614624
55,0331,0.2437417654808959
55,0341,0.13691683569979715
55,0351,0.16356513222331048
55,0361,0.1921921921921922
55,0371,0.20546448087431693
55,0381,0.27692307692307694
55,0391,0.224105461393597
55,0401,0.16289592760180996
55,0411,0.10577644411102775
55,0421,0.40350877192982454
55,0441,0.1547029702970297
55,0451,0.16884422110552763
55,0461,0.27111111111111114
55,0471,0.10657439446366782
55,0472,0.09484924623115577
55,0481,0.15217391304347827
55,0482,0.15598885793871867
55,0491,0.12460815047021943
55,0492,0.08480176211453745
55,0493,0.10268840899074483
55,0501,0.15546218487394958
55,0502,0.13086770981507823
55,0511,0.166073546856465
55,0521,0.17510853835021709
55,0531,0.11209439528023599
55,0541,0.15301391035548687
56,0031,0.10238907849829351
56,0040,0.11142061281337047
56,0041,0.12944983818770225
56,0051,0.09422492401215805
56,0061,0.176056338028169
56,0071,0.19166666666666668
56,0072,0.16178194607268465
56,0081,0.12603648424543948
56,0091,0.17531305903398928
56,0111,0.17418351477449456
56,0121,0.04927536231884058
56,0131,0.12964366944655042
56,0141,0.15684410646387834
56,0151,0.16283524904214558
56,0161,0.10415065334358185
56,0162,0.09929078014184398
56,0201,0.10684002261164499
56,0205,0.3724696356275304
56,0212,0.08013937282229965
56,0221,0.12736660929432014
56,0231,0.12568306010928962
56,0241,0.10476190476190476
56,0251,0.1674565560821485
56,0261,0.19470538001707943
56,0271,0.11425339366515837
56,0281,0.13427561837455831
56,0301,0.12941847206385404
56,0311,0.19324577861163228
56,0331,0.15936739659367397
56,0341,0.1593984962406015
56,0351,0.13552361396303902
56,0361,0.14918759231905465
56,0371,0.11264367816091954
56,0381,0.1109350237717908
56,0391,0.11875693673695893
56,0401,0.14388202471104025
56,0411,0.11583421891604676
56,0421,0.1282442748091603
56,0703,0.07905982905982906
56,0711,0.06124031007751938
56,0712,0.05647058823529412
56,0721,0.08820960698689956
57,0021,0.1505922165820643
57,0041,0.16863207547169812
57,0051,0.18693693693693694
57,0061,0.1416184971098266
57,0071,0.22065063649222066
57,0101,0.14056224899598393
57,0102,0.08375378405650857
57,0103,0.07730535615681944
57,0141,0.1447661469933185
57,0142,0.14035087719298245
57,0151,0.15544871794871795
57,0152,0.23529411764705882
57,0171,0.14251207729468598
57,0182,0.09233891425672247
57,0191,0.24857468643101482
57,0231,0.20135135135135135
57,0261,0.18654434250764526
57,0271,0.15065502183406113
57,0272,0.14228052472250252
57,0281,0.1489841986455982
57,0301,0.1519302615193026
57,0302,0.13104325699745548
57,0311,0.14428412874583796
57,0312,0.21362586605080833
57,0331,0.1480225988700565
57,0332,0.10922787193973635
57,0341,0.14748953974895398
57,0342,0.17051153460381144
57,0351,0.09398007795582504
57,0361,0.09581395348837209
57,8001,0.2765957446808511
57,9060,0.975609756097561
58,0012,0.21467889908256882
58,0021,0.01922077922077922
58,0031,0.10209003215434084
58,0051,0.1330532212885154
58,0071,0.12581699346405228
58,0074,0.14513788098693758
58,0081,0.15466666666666667
58,0083,0.13066666666666665
58,0084,0.24099378881987576
58,0085,0.17976653696498054
58,0090,0.1419939577039275
58,0100,0.11641791044776119
58,0101,0.2931297709923664
58,0102,0.13043478260869565
58,0103,0.09780775716694773
58,0106,0.14143426294820718
58,0110,0.10843373493975904
58,0111,0.2370860927152318
58,0113,0.11790393013100436
58,0117,0.14285714285714285
58,0121,0.1649659863945578
58,0131,0.21912350597609562
58,0141,0.17366946778711484
58,0171,0.15335868187579213
58,0181,0.10897927858787414
58,0191,0.11796982167352538
58,0201,0.18892045454545456
58,0211,0.2
58,0221,0.10768543342269883
58,0261,0.22115384615384615
58,0271,0.23347398030942335
58,0291,0.30919765166340507
58,0293,1.0
58,0301,0.14528301886792452
58,0381,0.19478260869565217
58,0451,0.15051020408163265
58,0461,0.26571428571428574
58,0471,0.12687813021702837
58,0491,0.1548731642189586
58,0501,0.24821428571428572
58,1211,0.17612193056731584
58,1231,0.17810026385224276
58,1241,0.1593984962406015
58,1251,0.14091102596849722
58,1261,0.17960602549246812
58,1271,0.19823788546255505
58,1282,0.18507462686567164
58,1291,0.15392781316348195
58,1341,0.2207943925233645
58,1391,0.047787610619469026
59,0021,0.2482566248256625
59,0031,0.14907407407407408
59,0041,0.1125158027812895
59,0051,0.1847457627118644
59,0071,0.13177762525737818
59,0081,0.18201754385964913
59,0091,0.14502529510961215
59,0101,0.15494880546075085
59,0111,0.14814814814814814
59,0121,0.21839080459770116
59,0131,0.14081145584725538
59,0141,0.22714681440443213
59,0151,0.14285714285714285
59,0171,0.11125654450261781
59,0181,0.1054287962234461
59,0182,0.16839378238341968
59,0201,0.15411255411255412
59,0202,0.15702479338842976
59,0231,0.10355329949238579
59,0251,0.09197080291970802
59,0271,0.1275395033860045
59,0281,1.0
59,0291,0.13229018492176386
59,0301,0.17991169977924945
59,0311,1.0
59,0331,0.15726495726495726
59,0361,0.16452442159383032
59,0391,0.17038216560509553
59,0401,0.16170212765957448
59,0421,0.11952998379254456
59,0431,0.1503630926954293
59,0441,0.161
59,0491,0.10833953834698436
59,0501,0.13193943763518384
59,0502,0.15252293577981652
59,0511,0.14302461899179367
59,0521,0.183206106870229
59,0531,0.13850063532401524
59,0541,0.13382218148487626
59,0551,0.12034126627750337
59,0561,0.16713483146067415
59,0571,0.34177215189873417
59,0581,0.13522355507088332
59,0591,0.15091863517060367
59,0601,0.14225941422594143
59,0611,0.15114873035066506
59,0621,0.13043478260869565
59,0651,0.13975903614457832
59,0661,0.1088646967340591
59,0671,0.21347150259067357
59,0681,0.14782608695652175
59,0691,0.07319952774498228
59,0701,0.15546218487394958
59,0711,0.13942307692307693
59,0721,0.13701741105223317
59,0731,0.13303571428571428
59,0801,0.18056918547595682
59,0811,0.1883289124668435
59,0821,0.17838541666666666
59,0911,0.13647520864015708
59,0931,0.09391808026479107
59,9229,0.10315186246418338
59,9233,0.15870307167235495
59,9236,0.048638132295719845
60,0031,0.21796565389696168
60,0042,0.17960602549246812
60,0051,0.14045801526717558
60,0102,0.22074788902291917
60,0161,0.17900403768506057
60,0171,0.16316793893129772
60,0181,0.17736486486486486
60,2001,0.08522550544323483
61,0011,0.17611580217129072
61,0042,0.14347202295552366
61,0043,0.10606060606060606
61,0051,0.1381957773512476
61,0060,0.1545827633378933
61,0089,0.1634182908545727
61,0091,0.17280453257790368
62,0031,0.1592128801431127
62,0041,0.20815752461322082
62,0111,0.18181818181818182
62,0141,0.19230769230769232
62,0161,0.11072664359861592
62,8002,0.18840579710144928
63,0021,0.1567291311754685
63,0022,0.1896551724137931
63,0031,0.19713993871297242
64,0621,0.18584070796460178
64,0734,0.13454075032341525
64,0745,0.22340425531914893
64,0761,0.19225806451612903
64,0821,0.15558698727015557
64,0949,0.1725
64,1114,0.11627906976744186
64,1237,0.08641975308641975
64,1453,0.15204460966542752
64,1491,0.2237871674491393
64,1531,0.21119592875318066
64,1551,0.16028263294905168
64,1631,0.1970074812967581
64,1702,0.21225194132873165
64,1811,0.258732212160414
64,1931,0.20689655172413793
64,2021,0.16500994035785288
64,2451,0.1859375
64,2721,0.1577490774907749
64,2734,0.24444444444444444
64,3234,0.15242494226327943
64,3251,0.12286689419795221
64,3431,0.1588477366255144
64,3436,0.17807486631016042
64,3451,0.19576059850374064
64,3631,0.2058287795992714
64,3651,0.20163934426229507
64,3697,0.26666666666666666
64,3839,0.15455475946775846
64,3931,0.19338422391857507
64,4131,0.17594254937163376
64,4235,0.17370892018779344
64,4334,0.11330049261083744
64,4436,0.11920529801324503
64,4531,0.2403282532239156
64,4621,0.20839580209895053
64,4634,0.15517241379310345
64,4831,0.13594040968342644
64,4934,0.0784313725490196
64,4941,0.17049666419570053
64,4951,0.11403508771929824
64,5037,0.20095693779904306
64,5836,0.13256658595641646
64,6144,0.13909774436090225
64,6234,0.13434579439252337
64,6343,0.23754789272030652
64,6441,0.19664268585131894
64,6633,0.17580504786771106
64,6751,0.19039735099337748
64,6761,0.19542994588093807
64,6781,0.14030612244897958
64,6791,0.1826086956521739
64,6841,0.21183206106870228
64,6851,0.15654205607476634
64,6871,0.19047619047619047
64,6881,0.18318840579710144
64,6891,0.1292517006802721
64,7621,0.10443037974683544
64,7631,0.07743362831858407
64,7741,0.200796812749004
64,7751,0.19558359621451105
64,7761,0.15151515151515152
64,7771,0.21272727272727274
64,7781,0.17204301075268819
64,7791,0.13975694444444445
64,7831,0.17490118577075098
64,7841,0.09036144578313253
64,7871,0.20923520923520925
64,7881,0.20113314447592068
64,7891,0.24829931972789115
64,7921,0.09102244389027432
64,7931,0.24915254237288137
64,7951,0.16115702479338842
64,7981,0.16877637130801687
64,9850,1.0
65,0005,0.1702127659574468
65,0011,0.26021505376344084
65,0012,0.17032967032967034
65,0015,0.1580135440180587
65,0021,0.4107142857142857
65,0031,0.16579406631762653
65,0071,0.138255033557047
65,0081,0.15873015873015872
65,0091,0.18729096989966554
66,0061,0.12198581560283688
66,0101,0.12468827930174564
66,0141,0.0811965811965812
66,0146,0.12072072072072072
66,0151,0.12235067437379576
66,0152,0.08375378405650857
66,0153,0.06169965075669383
66,0154,0.0859375
66,0201,0.13636363636363635
66,0261,0.17798594847775176
66,0271,0.09249329758713137
66,0281,0.18933823529411764
66,0282,0.3237410071942446
66,0291,0.13333333333333333
66,1110,0.0392156862745098
66,1111,0.15254237288135594
67,0021,0.15671641791044777
67,0041,0.1837160751565762
67,0051,0.1506849315068493
67,0052,0.20132013201320131
67,0101,0.17062634989200864
67,0123,1.0
67,0151,0.2520193861066236
67,0152,0.45652173913043476
67,6911,0.34375
